Workbook

Sheet Tur 1 2022
B2: Navn | C2: "Breidtind"
B3: Turnr | C3: 1
B4: Tur start | C4: 44594
B5: Tur slutt | C5: 44623
B7: Aktivitet | D7: Totalt | E7: 44594 | F7: =E7+1 -> 44595 | G7: =F7+1 -> 44596 | H7: =G7+1 -> 44597 | I7: =H7+1 -> 44598 | J7: =I7+1 -> 44599 | K7: =J7+1 -> 44600 | L7: =K7+1 -> 44601 | M7: =L7+1 -> 44602 | ... AI7: =AH7+1 -> 44624
B8: Fiske | C8: timer | D8: =SUM(E8:AI8) -> 463.5 | E8: 0 | F8: 0 | G8: 3.5 | H8: 24 | I8: 24 | J8: 20 | K8: 4 | L8: 24 | M8: 16 | N8: 0 | O8: 11 | P8: 24 | Q8: 24 | R8: 24 | S8: 24 | T8: 24 | U8: 24 | V8: 24 | W8: 24 | X8: 24 | Y8: 18 | Z8: 19 | AA8: 20 | AB8: 24 | AC8: 24 | AD8: 16 | AE8: 0 | AF8: 0 | AG8: 0 | AH8: 0 | AI8: 0
B9: Seiling | C9: timer | D9: =SUM(E9:AI9) -> 69 | E9: 0 | F9: 0 | G9: 3 | H9: 0 | I9: 0 | J9: 4 | K9: 0 | L9: 0 | M9: 8 | N9: 24 | O9: 13 | P9: 0 | Q9: 0 | R9: 0 | S9: 0 | T9: 0 | U9: 0 | V9: 0 | W9: 0 | X9: 0 | Y9: 0 | Z9: 5 | AA9: 4 | AB9: 0 | AC9: 0 | AD9: 8 | AE9: 0 | AF9: 0 | AG9: 0 | AH9: 0 | AI9: 0
B10: Teknisk (feil, problem) | C10: timer | D10: =SUM(E10:AI10) -> 6 | E10: 0 | F10: 0 | G10: 0 | H10: 0 | I10: 0 | J10: 0 | K10: 0 | L10: 0 | M10: 0 | N10: 0 | O10: 0 | P10: 0 | Q10: 0 | R10: 0 | S10: 0 | T10: 0 | U10: 0 | V10: 0 | W10: 0 | X10: 0 | Y10: 6 | Z10: 0 | AA10: 0 | AB10: 0 | AC10: 0 | AD10: 0 | AE10: 0 | AF10: 0 | AG10: 0 | AH10: 0 | AI10: 0
B11: Vasking | C11: timer | D11: =SUM(E11:AI11) -> 41 | E11: 0 | F11: 0 | G11: 0 | H11: 0 | I11: 0 | J11: 0 | K11: 0 | L11: 0 | M11: 0 | N11: 0 | O11: 0 | P11: 0 | Q11: 0 | R11: 0 | S11: 0 | T11: 0 | U11: 0 | V11: 0 | W11: 0 | X11: 0 | Y11: 0 | Z11: 0 | AA11: 0 | AB11: 0 | AC11: 0 | AD11: 0 | AE11: 24 | AF11: 17 | AG11: 0 | AH11: 0 | AI11: 0
B12: Lossing | C12: timer | D12: =SUM(E12:AI12) -> 0 | E12: 0 | F12: 0 | G12: 0 | H12: 0 | I12: 0 | J12: 0 | K12: 0 | L12: 0 | M12: 0 | N12: 0 | O12: 0 | P12: 0 | Q12: 0 | R12: 0 | S12: 0 | T12: 0 | U12: 0 | V12: 0 | W12: 0 | X12: 0 | Y12: 0 | Z12: 0 | AA12: 0 | AB12: 0 | AC12: 0 | AD12: 0 | AE12: 0 | AF12: 0 | AG12: 0 | AH12: 0 | AI12: 0
B13: Bunkring | C13: timer | D13: =SUM(E13:AI13) -> 7 | E13: 0 | F13: 0 | G13: 0 | H13: 0 | I13: 0 | J13: 0 | K13: 0 | L13: 0 | M13: 0 | N13: 0 | O13: 0 | P13: 0 | Q13: 0 | R13: 0 | S13: 0 | T13: 0 | U13: 0 | V13: 0 | W13: 0 | X13: 0 | Y13: 0 | Z13: 0 | AA13: 0 | AB13: 0 | AC13: 0 | AD13: 0 | AE13: 0 | AF13: 7 | AG13: 0 | AH13: 0 | AI13: 0
B14: Annet | C14: timer | D14: =SUM(E14:AI14) -> 37.5 | E14: 0 | F14: 0 | G14: 17.5 | H14: 0 | I14: 0 | J14: 0 | K14: 20 | L14: 0 | M14: 0 | N14: 0 | O14: 0 | P14: 0 | Q14: 0 | R14: 0 | S14: 0 | T14: 0 | U14: 0 | V14: 0 | W14: 0 | X14: 0 | Y14: 0 | Z14: 0 | AA14: 0 | AB14: 0 | AC14: 0 | AD14: 0 | AE14: 0 | AF14: 0 | AG14: 0 | AH14: 0 | AI14: 0
B15: SUM | C15: timer | D15: =SUM(E15:AI15) -> 624 | E15: =SUM(E8:E14) -> 0 | F15: =SUM(F8:F14) -> 0 | G15: =SUM(G8:G14) -> 24 | H15: =SUM(H8:H14) -> 24 | I15: =SUM(I8:I14) -> 24 | J15: =SUM(J8:J14) -> 24 | K15: =SUM(K8:K14) -> 24 | L15: =SUM(L8:L14) -> 24 | ... AI15: =SUM(AI8:AI14) -> 0
B17: Felt/område | C17: Navn | D17: =SUM(E17:AI17) -> 0 | I17: Mørekysten | J17: mørekysten | K17: breidsundet | L17: mørekysten | M17: mørekysten | N17: seilas på leia nordover | O17: fugeløybanken | P17: fugeløybanken | Q17: tromsøflaket | R17: Vestkant tromsøflaket | S17: Vestkant Tromsøflaket | T17: Vest kanten av tromsøflaket | U17: Vestkanten av tromsøflaket | V17: Vestkanten av tromsøflaket | W17: vest kanten av Tromsøflaket | X17: Vest av tromsø flaket | Y17: vest av tromsøflaket | Z17: vest av tromsøflaket | AA17: Fugeløybanken | AB17: Fugeløybanken | AC17: Fugeløybanken | AD17: fugeløybanken
B18: Tauetimer | C18: Timer | D18: =SUM(E18:AI18) -> 257 | I18: 8.5 | J18: 13 | K18: 0 | L18: 16.5 | M18: 9 | O18: 5.5 | P18: 22 | Q18: 18 | R18: 19 | S18: 21 | T18: 16.5 | U18: 21 | V18: 19 | W18: 13 | X18: 12 | Y18: 16 | Z18: 15,5 | AA18: 15 | AB18: 20,5 | AC18: 20,5 | AD18: 12
B19: Hal | C19: Antall | D19: =SUM(E19:AI19) -> 72 | E19: 1 | F19: 3 | I19: 3 | J19: 4 | K19: 0 | L19: 4 | M19: 2 | O19: 2 | P19: 4 | Q19: 4 | R19: 4 | S19: 4 | T19: 3 | U19: 4 | V19: 4 | W19: 3 | X19: 3 | Y19: 3 | Z19: 3 | AA19: 3 | AB19: 4 | AC19: 4 | AD19: 3
B20: Bruk (630/550) (eks 2xAlfredo) | C20: Type x antall | D20: =SUM(E20:AI20) -> 0 | E20: 1*630 | F20: 2*630 | I20: 2*630 | J20: 2*630 | K20: 0 | L20: 2*630 | M20: 2*630 | O20: 2*630 | P20: 2*630 | Q20: 2*630 | R20: 2*630 | S20: 2*630 | T20: 2*630 | U20: 2*630 | V20: 2*630 | W20: 2*630 | X20: 2*630 | Y20: 2*630 | Z20: 2*630 | AA20: 2*630 | AB20: 2*630 | AC20: 2*630 | AD20: 2*630
B21: Sjøtemperatur | C21: Grader
B23: Fangst pr tauetime kg | C23: =D25/D18 -> 3024.6732
A25: efangst | B25: Fangst total(produktvekt) | C25: (autosummering) | D25: =SUM(E25:AI25) -> 777341 | E25: =SUM(E26:E37) -> 4464 | F25: =SUM(F26:F37) -> 18400 | G25: =SUM(G26:G37) -> 0 | H25: =SUM(H26:H37) -> 0 | I25: =SUM(I26:I37) -> 44487 | J25: =SUM(J26:J37) -> 64954 | K25: =SUM(K26:K37) -> 0 | L25: =SUM(L26:L37) -> 63434 | ... AI25: =SUM(AI26:AI37) -> 0
B26: Torsk | C26: kg | D26: =SUM(E26:AI26) -> 191878 | I26: 92 | J26: 46 | K26: 0 | L26: 138 | M26: 368 | N26: 0 | O26: 10740 | P26: 25721 | Q26: 18175 | R26: 14762 | S26: 5796 | T26: 8351 | U26: 5912 | V26: 4520 | W26: 4479 | X26: 3184 | Y26: 2794 | Z26: 8129 | AA26: 12167 | AB26: 30364 | AC26: 29739 | AD26: 6401
B27: Hyse | C27: kg | D27: =SUM(E27:AI27) -> 288681 | F27: 47 | I27: 231 | J27: 324 | L27: 368 | M27: 1152 | O27: 1012 | P27: 4278 | Q27: 21022 | R27: 28015 | S27: 18124 | T27: 24104 | U27: 21533 | V27: 27465 | W27: 40919 | X27: 24525 | Y27: 25447 | Z27: 16889 | AA27: 5843 | AB27: 6625 | AC27: 7547 | AD27: 13211
B28: Sei N | C28: kg | D28: =SUM(E28:AI28) -> 263010 | E28: 4368 | F28: 17222 | I28: 43792 | J28: 64120 | L28: 61552 | M28: 27094 | O28: 2484 | P28: 9906 | Q28: 8050 | R28: 2581 | S28: 4208 | T28: 552 | U28: 554 | V28: 646 | W28: 139 | X28: 278 | Y28: 374 | Z28: 1154 | AA28: 2397 | AB28: 4482 | AC28: 5572 | AD28: 1485
B29: Sei S | C29: kg | D29: =SUM(E29:Y29) -> 0
B30: Uer rund | C30: kg | D30: =SUM(E30:AI30) -> 16798 | O30: 408 | P30: 578 | Q30: 1207 | R30: 1377 | S30: 3009 | T30: 1428 | U30: 1088 | V30: 1700 | W30: 1105 | X30: 1258 | Y30: 408 | Z30: 799 | AA30: 1018 | AB30: 378 | AC30: 578 | AD30: 459
B31: Uer j/c | C31: kg | D31: =SUM(E31:AI31) -> 5414 | X31: 3760 | Y31: 1280 | AB31: 374
B32: Uer hoder | C32: kg | D32: =SUM(E32:AI32) -> 0
B33: Blåkveite | C33: kg | D33: =SUM(E33:AI33) -> 5698 | S33: 396 | U33: 506 | V33: 418 | W33: 924 | X33: 902 | Y33: 2442 | AA33: 110
B34: Blåkveite hoder | C34: kg | D34: =SUM(E34:AI34) -> 0
B35: Reke | C35: kg | D35: =SUM(E35:AI35) -> 0
B36: Reke kok | C36: kg | D36: =SUM(E36:AI36) -> 0
B37: Bifangst/Annet | C37: kg | D37: =SUM(E37:AI37) -> 5862 | E37: 96 | F37: 1131 | I37: 372 | J37: 464 | L37: 1376 | M37: 871 | P37: 202 | Q37: 40 | S37: 170 | T37: 65 | W37: 45 | Z37: 45 | AA37: 175 | AB37: 455 | AC37: 310 | AD37: 45
A39: Maskin | B39: Bunkersforbruk | C39: ltr | D39: =SUM(E39:AI39) -> 326000 | E39: 7000 | F39: 8000 | G39: 3000 | H39: 6000 | I39: 11000 | J39: 8000 | K39: 9000 | L39: 12000 | M39: 13000 | N39: 16000 | O39: 13000 | P39: 13000 | Q39: 15000 | R39: 14000 | S39: 14000 | T39: 15000 | U39: 14000 | V39: 14000 | W39: 13000 | X39: 13000 | Y39: 11000 | Z39: 14000 | AA39: 14000 | AB39: 15000 | AC39: 15000 | AD39: 14000 | AE39: 5000 | AF39: 4000 | AG39: 3000 | AH39: 0 | AI39: 0
B40: Smørolje forbruk | C40: ltr | D40: =SUM(E40:AI40) -> 1200 | E40: 0 | F40: 0 | G40: 0 | H40: 0 | I40: 0 | J40: 0 | K40: 0 | L40: 0 | M40: 300 | N40: 0 | O40: 0 | P40: 200 | Q40: 0 | R40: 0 | S40: 0 | T40: 0 | U40: 200 | Y40: 0 | Z40: 300 | AA40: 0 | AB40: 0 | AC40: 0 | AD40: 200 | AE40: 0 | AF40: 0 | AG40: 0 | AH40: 0 | AI40: 0
N42: 15000 | O42: 15000 | P42: 16000 | Q42: 15000 | R42: 15000 | S42: 15000 | T42: 16000 | U42: 16000 | V42: 17000 | W42: 16000 | X42: 15000 | Y42: 15000 | Z42: 15000 | AA42: 13000
A44: Fabrikk | B44: Timer uten produksjon, totalt | C44: timer | D44: =SUM(E44:AI44) -> 66 | E44: 0 | F44: 0 | G44: 0 | H44: 0 | I44: 0 | J44: 0 | K44: 0 | L44: 0 | M44: 0 | N44: 0 | O44: 7 | P44: 5 | Q44: 0 | R44: 3 | S44: 6 | T44: 6 | U44: 9 | V44: 0 | W44: 0 | X44: 6 | Y44: 4 | Z44: 8 | AA44: 7 | AB44: 5 | AC44: 0 | AD44: 0 | AE44: 0 | AF44: 0 | AG44: 0 | AH44: 0 | AI44: 0
B45: Mangel på fisk | C45: timer | D45: =SUM(E45:AI45) -> 51 | E45: 0 | F45: 0 | G45: 0 | H45: 0 | I45: 0 | J45: 0 | K45: 0 | L45: 0 | M45: 0 | N45: 0 | O45: 7 | P45: 4 | Q45: 0 | R45: 0 | S45: 5 | T45: 6 | U45: 8 | V45: 0 | W45: 0 | X45: 0 | Y45: 4 | Z45: 5 | AA45: 7 | AB45: 5 | AC45: 0 | AD45: 0 | AE45: 0 | AF45: 0 | AG45: 0 | AH45: 0 | AI45: 0
B46: Tekniske problem | C46: timer | D46: =SUM(E46:AI46) -> 15 | E46: 0 | F46: 0 | G46: 0 | H46: 0 | I46: 0 | J46: 0 | K46: 0 | L46: 0 | M46: 0 | N46: 0 | O46: 0 | P46: 1 | Q46: 0 | R46: 3 | S46: 1 | T46: 0 | U46: 1 | V46: 0 | W46: 0 | X46: 6 | Y46: 0 | Z46: 3 | AA46: 0 | AB46: 0 | AC46: 0 | AD46: 0 | AE46: 0 | AF46: 0 | AG46: 0 | AH46: 0 | AI46: 0
B47: Andre årsaker | C47: timer | D47: =SUM(E47:AI47) -> 0 | E47: 0 | F47: 0 | G47: 0 | H47: 0 | I47: 0 | J47: 0 | K47: 0 | L47: 0 | M47: 0 | N47: 0 | O47: 0 | P47: 0 | Q47: 0 | R47: 0 | S47: 0 | T47: 0 | U47: 0 | V47: 0 | W47: 0 | X47: 0 | Y47: 0 | Z47: 0 | AA47: 0 | AB47: 0 | AC47: 0 | AD47: 0 | AE47: 0 | AF47: 0 | AG47: 0 | AH47: 0 | AI47: 0
B48: Ensilasje, råstoff | C48: kg | D48: =SUM(E48:Y48) -> 227000 | E48: 0 | F48: 0 | G48: 0 | H48: 0 | I48: 17000 | J48: 15000 | K48: 0 | L48: 15000 | M48: 7000 | N48: 0 | O48: 6000 | P48: 18000 | Q48: 20000 | R48: 20000 | S48: 17000 | T48: 15000 | U48: 15000 | V48: 15000 | W48: 20000 | X48: 17000 | Y48: 10000 | Z48: 21000 | AA48: 12000 | AB48: 19000 | AC48: 20000 | AD48: 10000 | AE48: 0 | AF48: 0 | AG48: 0 | AH48: 0 | AI48: 0
B49: Ensilasje, syreforbruk | C49: kg | D49: =SUM(E49:Y49) -> 6800 | E49: 0 | F49: 0 | G49: 0 | H49: 0 | I49: 500 | J49: 500 | K49: 0 | L49: 500 | M49: 300 | N49: 0 | O49: 200 | P49: 500 | Q49: 600 | R49: 600 | S49: 500 | T49: 400 | U49: 400 | V49: 400 | W49: 600 | X49: 500 | Y49: 300 | Z49: 600 | AA49: 300 | AB49: 570 | AC49: 600 | AD49: 0 | AE49: 0 | AF49: 0 | AG49: 0 | AH49: 0 | AI49: 0
A51: Kommentarer* | B51: Hendelser/Avvik: | C51: (overskrift) | D51: (overskrift) | E51: (overskrift) | F51: (overskrift) | G51: (overskrift) | H51: (overskrift) | I51: (overskrift) | J51: (overskrift) | K51: (overskrift) | L51: (overskrift) | M51: (overskrift) | N51: (overskrift) | O51: (overskrift) | P51: (overskrift) | Q51: (overskrift) | R51: (overskrift) | S51: (overskrift) | T51: (overskrift) | U51: (overskrift) | V51: (overskrift) | W51: (overskrift) | X51: (overskrift) | Y51: (overskrift) | Z51: (overskrift) | AA51: (overskrift) | AB51: (overskrift) | AC51: (overskrift) | AD51: (overskrift) | AE51: (overskrift) | AF51: (overskrift) | AG51: (overskrift) | AH51: (overskrift) | AI51: (overskrift)
B52: HMS | C52: kommentar | D52: kommentar | E52: kommentar | F52: kommentar | G52: kommentar | H52: kommentar | I52: kommentar | J52: kommentar | K52: kommentar | L52: kommentar | M52: kommentar | N52: kommentar | O52: kommentar | P52: kommentar | Q52: kommentar | R52: kommentar | S52: kommentar | T52: kommentar | U52: kommentar | V52: kommentar | W52: kommentar | X52: kommentar | Y52: kommentar | Z52: kommentar | AA52: kommentar | AB52: kommentar | AC52: kommentar | AD52: kommentar | AE52: kommentar | AF52: kommentar | AG52: kommentar | AH52: kommentar | AI52: kommentar
B53: Fiske | C53: kommentar | D53: kommentar | E53: kommentar | F53: kommentar | G53: kommentar | H53: kommentar | I53: kommentar | J53: kommentar | K53: kommentar | L53: kommentar | M53: kommentar | N53: kommentar | O53: kommentar | P53: kommentar | Q53: kommentar | R53: kommentar | S53: kommentar | T53: kommentar | U53: kommentar | V53: kommentar | W53: kommentar | X53: kommentar | Y53: kommentar | Z53: kommentar | AA53: kommentar | AB53: kommentar | AC53: kommentar | AD53: kommentar | AE53: kommentar | AF53: kommentar | AG53: kommentar | AH53: kommentar | AI53: kommentar
B54: Produksjon | C54: kommentar | D54: kommentar | E54: kommentar | F54: kommentar | G54: kommentar | H54: kommentar | I54: kommentar | J54: kommentar | K54: kommentar | L54: kommentar | M54: kommentar | N54: kommentar | O54: kommentar | P54: Justering av El-bedøver | Q54: kommentar | R54: Factory pump ensilage FO tripper, Tilbakeslagventiler bilge pump knekt 2 plasser | S54: Knust belte 118D | T54: kommentar | U54: S.tb lensepumpe problem. Ensilage pumpe problem | V54: kommentar | W54: kommentar | X54: kommentar | Y54: kommentar | Z54: Knekt aksling blokkband. Nødstopper slår ut fabrikk. | AA54: kommentar | AB54: kommentar | AC54: kommentar | AD54: kommentar | AE54: kommentar | AF54: kommentar | AG54: kommentar | AH54: kommentar | AI54: kommentar
B55: Drift/fartøy | C55: kommentar | D55: kommentar | E55: kommentar | F55: kommentar | G55: kommentar | H55: kommentar | I55: kommentar | J55: kommentar | K55: kommentar | L55: kommentar | M55: kommentar | N55: kommentar | O55: kommentar | P55: kommentar | Q55: kommentar | R55: kommentar | S55: kommentar | T55: kommentar | U55: kommentar | V55: kommentar | W55: kommentar | X55: kommentar | Y55: kommentar | Z55: kommentar | AA55: kommentar | AB55: kommentar | AC55: kommentar | AD55: kommentar | AE55: kommentar | AF55: kommentar | AG55: kommentar | AH55: kommentar | AI55: kommentar
B57: Estimert fangstverdi | C57: kr | D57: =SUM(D58:D70) -> 22825426 | E57: =SUM(E58:E70) -> 92163.84 | F57: =SUM(F58:F70) -> 372267.42 | G57: =SUM(G58:G70) -> 0 | H57: =SUM(H58:H70) -> 0 | I57: =SUM(I58:I70) -> 928645.22 | J57: =SUM(J58:J70) -> 1354782.1 | K57: =SUM(K58:K70) -> 0 | ... AI57: =SUM(AI58:AI70) -> 0
B58: Torsk | C58: 41.89 | D58: =D26*$C58 -> 8037769.4 | E58: =E26*$C58 -> 0 | F58: =F26*$C58 -> 0 | G58: =G26*$C58 -> 0 | H58: =H26*$C58 -> 0 | I58: =I26*$C58 -> 3853.88 | J58: =J26*$C58 -> 1926.94 | K58: =K26*$C58 -> 0 | ... AI58: =AI26*$C58 -> 0
B59: Hyse | C59: 28.98 | D59: =D27*$C59 -> 8365975.4 | E59: =E27*$C59 -> 0 | F59: =F27*$C59 -> 1362.06 | G59: =G27*$C59 -> 0 | H59: =H27*$C59 -> 0 | I59: =I27*$C59 -> 6694.38 | J59: =J27*$C59 -> 9389.52 | K59: =K27*$C59 -> 0 | ... AI59: =AI27*$C59 -> 0
B60: Sei N | C60: 20.88 | D60: =D28*$C60 -> 5491648.8 | E60: =E28*$C60 -> 91203.84 | F60: =F28*$C60 -> 359595.36 | G60: =G28*$C60 -> 0 | H60: =H28*$C60 -> 0 | I60: =I28*$C60 -> 914376.96 | J60: =J28*$C60 -> 1338825.6 | K60: =K28*$C60 -> 0 | ... AI60: =AI28*$C60 -> 0
B61: Sei S | C61: 15 | D61: =D29*$C61 -> 0 | E61: =E29*$C61 -> 0 | F61: =F29*$C61 -> 0 | G61: =G29*$C61 -> 0 | H61: =H29*$C61 -> 0 | I61: =I29*$C61 -> 0 | J61: =J29*$C61 -> 0 | K61: =K29*$C61 -> 0 | ... AI61: =AI29*$C61 -> 0
B62: Uer rund | C62: 6 | D62: =D30*$C62 -> 100788 | E62: =E30*$C62 -> 0 | F62: =F30*$C62 -> 0 | G62: =G30*$C62 -> 0 | H62: =H30*$C62 -> 0 | I62: =I30*$C62 -> 0 | J62: =J30*$C62 -> 0 | K62: =K30*$C62 -> 0 | ... AI62: =AI30*$C62 -> 0
B63: Uer j/c | C63: 12 | E63: =E31*$C63 -> 0 | F63: =F31*$C63 -> 0 | G63: =G31*$C63 -> 0 | H63: =H31*$C63 -> 0 | I63: =I31*$C63 -> 0 | J63: =J31*$C63 -> 0 | K63: =K31*$C63 -> 0 | L63: =L31*$C63 -> 0 | ... AI63: =AI31*$C63 -> 0
B64: Uer hoder | C64: 4 | D64: =D32*$C64 -> 0 | E64: =E32*$C64 -> 0 | F64: =F32*$C64 -> 0 | G64: =G32*$C64 -> 0 | H64: =H32*$C64 -> 0 | I64: =I32*$C64 -> 0 | J64: =J32*$C64 -> 0 | K64: =K32*$C64 -> 0 | ... AI64: =AI32*$C64 -> 0
B65: Blåkveite | C65: 47.6 | D65: =D33*$C65 -> 271224.8 | E65: =E33*$C65 -> 0 | F65: =F33*$C65 -> 0 | G65: =G33*$C65 -> 0 | H65: =H33*$C65 -> 0 | I65: =I33*$C65 -> 0 | J65: =J33*$C65 -> 0 | K65: =K33*$C65 -> 0 | ... AI65: =AI33*$C65 -> 0
B66: Blåkveite hoder | C66: 27.39 | D66: =D34*$C66 -> 0 | E66: =E34*$C66 -> 0 | F66: =F34*$C66 -> 0 | G66: =G34*$C66 -> 0 | H66: =H34*$C66 -> 0 | I66: =I34*$C66 -> 0 | J66: =J34*$C66 -> 0 | K66: =K34*$C66 -> 0 | ... AI66: =AI34*$C66 -> 0
B67: Reke | C67: 24 | D67: =D35*$C67 -> 0 | E67: =E35*$C67 -> 0 | F67: =F35*$C67 -> 0 | G67: =G35*$C67 -> 0 | H67: =H35*$C67 -> 0 | I67: =I35*$C67 -> 0 | J67: =J35*$C67 -> 0 | K67: =K35*$C67 -> 0 | ... AI67: =AI35*$C67 -> 0
B68: Reke kok | C68: 35 | D68: =D36*$C68 -> 0 | E68: =E36*$C68 -> 0 | F68: =F36*$C68 -> 0 | G68: =G36*$C68 -> 0 | H68: =H36*$C68 -> 0 | I68: =I36*$C68 -> 0 | J68: =J36*$C68 -> 0 | K68: =K36*$C68 -> 0 | ... AI68: =AI36*$C68 -> 0
B69: Bifangst/Annet | C69: 10 | D69: =D37*$C69 -> 58620 | E69: =E37*$C69 -> 960 | F69: =F37*$C69 -> 11310 | G69: =G37*$C69 -> 0 | H69: =H37*$C69 -> 0 | I69: =I37*$C69 -> 3720 | J69: =J37*$C69 -> 4640 | K69: =K37*$C69 -> 0 | ... AI69: =AI37*$C69 -> 0
B70: Ensilasje | C70: 2.2 | D70: =D48*C70 -> 499400 | E70: =E48*D70 -> 0 | F70: =F48*E70 -> 0 | G70: =G48*F70 -> 0 | H70: =H48*G70 -> 0 | I70: =I48*H70 -> 0 | J70: =J48*I70 -> 0 | K70: =K48*J70 -> 0 | ... AI70: =AI48*AH70 -> 0
B72: Snittinntekt pr dag | D72: =AVERAGEIF(E57:Y57, ">0") -> 996947.91
B74: Lott/hyre | C74: 0.31 | D74: =SUM(E74:AI74) -> 6941208.3 | E74: =E57*$C$74 -> 28570.79 | F74: =F57*$C$74 -> 115402.9 | G74: =G57*$C$74 -> 0 | H74: =H57*$C$74 -> 0 | I74: =I57*$C$74 -> 287880.02 | J74: =J57*$C$74 -> 419982.44 | K74: =K57*$C$74 -> 0 | L74: =L57*$C$74 -> 407777.48 | ... AI74: =AI57*$C$74 -> 0
B75: Est. vedlikehold pr dag | C75: =11000000/280 -> 39285.714 | D75: =SUM(E75:AI75) -> 1217857.1 | E75: =$C$75 -> 39285.714 | F75: =$C$75 -> 39285.714 | G75: =$C$75 -> 39285.714 | H75: =$C$75 -> 39285.714 | I75: =$C$75 -> 39285.714 | J75: =$C$75 -> 39285.714 | K75: =$C$75 -> 39285.714 | L75: =$C$75 -> 39285.714 | ... AI75: =$C$75 -> 39285.714
B76: Est. "andre kostnader" pr dag | C76: =12900000/280 -> 46071.429 | D76: =SUM(E76:AI76) -> 1428214.3 | E76: =$C$76 -> 46071.429 | F76: =$C$76 -> 46071.429 | G76: =$C$76 -> 46071.429 | H76: =$C$76 -> 46071.429 | I76: =$C$76 -> 46071.429 | J76: =$C$76 -> 46071.429 | K76: =$C$76 -> 46071.429 | L76: =$C$76 -> 46071.429 | ... AI76: =$C$76 -> 46071.429
B77: Bunkers | C77: 6.2 | D77: =SUM(E77:AI77) -> 2021200 | E77: =$C$77*E39 -> 43400 | F77: =$C$77*F39 -> 49600 | G77: =$C$77*G39 -> 18600 | H77: =$C$77*H39 -> 37200 | I77: =$C$77*I39 -> 68200 | J77: =$C$77*J39 -> 49600 | K77: =$C$77*K39 -> 55800 | L77: =$C$77*L39 -> 74400 | ... AI77: =$C$77*AI39 -> 0
B78: Est. Driftsres. f. avskrivninger | C78: =SUM(E78:AI78) -> 10782515 | D78: =D57-D74-D75-D76-D77 -> 11216947 | E78: =E57-E74-E75-E76-E77 -> -65164.093 | F78: =F57-F74-F75-F76-F77 -> 121907.38 | G78: =G57-G74-G75-G76-G77 -> -103957.14 | H78: =H57-H74-H75-H76-H77 -> -122557.14 | I78: =I57-I74-I75-I76-I77 -> 487208.06 | J78: =J57-J74-J75-J76-J77 -> 799842.48 | K78: =K57-K74-K75-K76-K77 -> -141157.14 | ... AI78: =AI57-AI74-AI75-AI76-AI77 -> -85357.143
B79: Akkumulert | E79: =E78 -> -65164.093 | F79: =F78+E79 -> 56743.284 | G79: =G78+F79 -> -47213.859 | H79: =H78+G79 -> -169771 | I79: =I78+H79 -> 317437.06 | J79: =J78+I79 -> 1117279.5 | K79: =K78+J79 -> 976122.39 | L79: =L78+K79 -> 1723999 | M79: =M78+L79 -> 1988072.8 | ... AI79: =AI78+AH79 -> 10782515
B82: Bunkers pr kg produkt | C82: =D39/D25 -> 0.41937837
G85: Snittpriser 14/02/22 - 20/02/22
G86: NR hovedarter | H86: Størrelse | I86: Tilstand | J86: Kvalitet | K86: Kvantum | L86: Snittpris | M86: Vektet
G87: Torsk | H87: ikke oppgitt | I87: rogn | J87: a | K87: 2608 | L87: 38.23
G88: Torsk | H88: -1,0 kg | I88: sløyd u/hode | J88: a | K88: 85647 | L88: 34.91 | M88: 1.7935076
G89: Torsk | H89: 1,0-2,5 kg | I89: sløyd u/hode | J89: a | K89: 742226 | L89: 39.05 | M89: 17.38595
G90: Torsk | H90: 2,5-6,0 kg | I90: sløyd u/hode | J90: a | K90: 587570 | L90: 45.15 | M90: 15.913239
G91: Torsk | H91: 2,5+ kg | I91: sløyd u/hode | J91: a | K91: 80371 | L91: 35.58 | M91: 1.7153254
G92: Torsk | H92: 6,0+ kg | I92: sløyd u/hode | J92: a | K92: 168667 | L92: 50.23 | M92: 5.0819983
K93: 1667089 | M93: 41.89002
G95: Hyse | H95: -0,8 kg | I95: sløyd u/hode | J95: a | K95: 77875 | L95: 26.49 | M95: 8.538883
G96: Hyse | H96: 0,8+ kg | I96: sløyd u/hode | J96: a | K96: 163715 | L96: 30.17 | M96: 20.444892
K97: 241590 | M97: 28.983775
G99: Sei | H99: -1,2 kg | I99: sløyd u/hode | J99: a | K99: 64834 | L99: 18.75 | M99: 3.117347
G100: Sei | H100: 1,2-2,3 kg | I100: sløyd u/hode | J100: a | K100: 305804 | L100: 21.25 | M100: 16.664149
G101: Sei | H101: 2,3+ kg | I101: sløyd u/hode | J101: a | K101: 19321 | L101: 22.25 | M101: 1.1024037
K102: 389959 | M102: 20.8839

Sheet Tur 2 2022
B2: Navn | C2: "Breidtind"
B3: Turnr | C3: 1
B4: Tur start | C4: 44624
B5: Tur slutt | C5: 44657
B7: Aktivitet | D7: Totalt | E7: 44624 | F7: =E7+1 -> 44625 | G7: =F7+1 -> 44626 | H7: =G7+1 -> 44627 | I7: =H7+1 -> 44628 | J7: =I7+1 -> 44629 | K7: =J7+1 -> 44630 | L7: =K7+1 -> 44631 | M7: =L7+1 -> 44632 | ... AI7: =AH7+1 -> 44654
B8: Fiske | C8: timer | D8: =SUM(E8:AI8) -> 636 | E8: 17 | F8: 24 | G8: 24 | H8: 24 | I8: 24 | J8: 24 | K8: 19 | L8: 24 | M8: 24 | N8: 24 | O8: 24 | P8: 24 | Q8: 23 | R8: 24 | S8: 24 | T8: 24 | U8: 24 | V8: 0 | W8: 24 | X8: 15 | Y8: 4 | Z8: 24 | AA8: 24 | AB8: 24 | AC8: 24 | AD8: 24 | AE8: 15 | AF8: 19 | AG8: 20 | AH8: 24 | AI8: 0
B9: Seiling | C9: timer | D9: =SUM(E9:AI9) -> 38 | E9: 7 | F9: 0 | G9: 0 | H9: 0 | I9: 0 | J9: 0 | K9: 0 | L9: 0 | M9: 0 | N9: 0 | O9: 0 | P9: 0 | Q9: 0 | R9: 0 | S9: 0 | T9: 0 | U9: 0 | V9: 0 | W9: 0 | X9: 9 | Y9: 4 | Z9: 0 | AA9: 0 | AB9: 0 | AC9: 0 | AD9: 0 | AE9: 9 | AF9: 5 | AG9: 4 | AH9: 0 | AI9: 0
B10: Teknisk (feil, problem) | C10: timer | D10: =SUM(E10:AI10) -> 6 | E10: 0 | F10: 0 | G10: 0 | H10: 0 | I10: 0 | J10: 0 | K10: 5 | L10: 0 | M10: 0 | N10: 0 | O10: 0 | P10: 0 | Q10: 1 | R10: 0 | S10: 0 | T10: 0 | U10: 0 | V10: 0 | W10: 0 | X10: 0 | Y10: 0 | Z10: 0 | AA10: 0 | AB10: 0 | AC10: 0 | AD10: 0 | AE10: 0 | AF10: 0 | AG10: 0 | AH10: 0 | AI10: 0
B11: Vasking | C11: timer | D11: =SUM(E11:AI11) -> 6 | E11: 0 | F11: 0 | G11: 0 | H11: 0 | I11: 0 | J11: 0 | K11: 0 | L11: 0 | M11: 0 | N11: 0 | O11: 0 | P11: 0 | Q11: 0 | R11: 0 | S11: 0 | T11: 0 | U11: 0 | V11: 0 | W11: 0 | X11: 0 | Y11: 6 | Z11: 0 | AA11: 0 | AB11: 0 | AC11: 0 | AD11: 0 | AE11: 0 | AF11: 0 | AG11: 0 | AH11: 0 | AI11: 0
B12: Lossing | C12: timer | D12: =SUM(E12:AI12) -> 10 | E12: 0 | F12: 0 | G12: 0 | H12: 0 | I12: 0 | J12: 0 | K12: 0 | L12: 0 | M12: 0 | N12: 0 | O12: 0 | P12: 0 | Q12: 0 | R12: 0 | S12: 0 | T12: 0 | U12: 0 | V12: 0 | W12: 0 | X12: 0 | Y12: 10 | Z12: 0 | AA12: 0 | AB12: 0 | AC12: 0 | AD12: 0 | AE12: 0 | AF12: 0 | AG12: 0 | AH12: 0 | AI12: 0
B13: Bunkring | C13: timer | D13: =SUM(E13:AI13) -> 0 | E13: 0 | F13: 0 | G13: 0 | H13: 0 | I13: 0 | J13: 0 | K13: 0 | L13: 0 | M13: 0 | N13: 0 | O13: 0 | P13: 0 | Q13: 0 | R13: 0 | S13: 0 | T13: 0 | U13: 0 | V13: 0 | W13: 0 | X13: 0 | Y13: 0 | Z13: 0 | AA13: 0 | AB13: 0 | AC13: 0 | AD13: 0 | AE13: 0 | AF13: 0 | AG13: 0 | AH13: 0 | AI13: 0
B14: Annet | C14: timer | D14: =SUM(E14:AI14) -> 24 | E14: 0 | F14: 0 | G14: 0 | H14: 0 | I14: 0 | J14: 0 | K14: 0 | L14: 0 | M14: 0 | N14: 0 | O14: 0 | P14: 0 | Q14: 0 | R14: 0 | S14: 0 | T14: 0 | U14: 0 | V14: 24 | W14: 0 | X14: 0 | Y14: 0 | Z14: 0 | AA14: 0 | AB14: 0 | AC14: 0 | AD14: 0 | AE14: 0 | AF14: 0 | AG14: 0 | AH14: 0 | AI14: 0
B15: SUM | C15: timer | D15: =SUM(E15:AI15) -> 720 | E15: =SUM(E8:E14) -> 24 | F15: =SUM(F8:F14) -> 24 | G15: =SUM(G8:G14) -> 24 | H15: =SUM(H8:H14) -> 24 | I15: =SUM(I8:I14) -> 24 | J15: =SUM(J8:J14) -> 24 | K15: =SUM(K8:K14) -> 24 | L15: =SUM(L8:L14) -> 24 | ... AI15: =SUM(AI8:AI14) -> 0
B17: Felt/område | C17: Navn | D17: =SUM(E17:AI17) -> 0 | E17: Fugløybanken | F17: Kanten/Teisten | G17: Teisten | H17: Fugløybanken | I17: Fugløybanken | J17: Fugløybanken | K17: Fugløybanken | L17: Teisten/Kanten | M17: Teisten | N17: Fugløyb. | O17: Tromsøflaket | P17: Tromsøflaket | Q17: Tromsøflaket | R17: Tromsøflaket | S17: Tromsøflaket | T17: Tromsøflaket | U17: Tromsøflaket | V17: Tromsøflaket | W17: Fugløybanken | X17: Teisten/kanten | Y17: Malangsgrunnen | Z17: Fugløybanken | AA17: Teisten/Kanten | AB17: Tromsøflaket | AC17: Tromsøflaket | AD17: Tromsøflaket | AE17: Tromsøflaket | AF17: NØ-snaget/Liksnaget | AG17: Hjelmsøya | AH17: Nygrunnen
B18: Tauetimer | C18: Timer | D18: =SUM(E18:AI18) -> 423.2 | E18: 9 | F18: 18.5 | G18: 19 | H18: 10 | I18: 7 | J18: 4 | K18: 12 | L18: 21 | M18: 11 | N18: 16.5 | O18: 18.5 | P18: 9 | Q18: 20 | R18: 18 | S18: 17 | T18: 17.2 | U18: 19 | W18: 18 | X18: 12 | Y18: 4 | Z18: 14 | AA18: 19.5 | AB18: 17.5 | AC18: 15.5 | AD18: 14.5 | AE18: 9.5 | AF18: 13 | AG18: 16 | AH18: 23
B19: Hal | C19: Antall | D19: =SUM(E19:AI19) -> 83 | E19: 2 | F19: 3 | G19: 3 | H19: 2 | I19: 2 | J19: 1 | K19: 2 | L19: 4 | M19: 2 | N19: 3 | O19: 3 | P19: 2 | Q19: 4 | R19: 3 | S19: 3 | T19: 4 | U19: 4 | W19: 4 | X19: 2 | Y19: 1 | Z19: 3 | AA19: 4 | AB19: 4 | AC19: 3 | AD19: 3 | AE19: 2 | AF19: 3 | AG19: 3 | AH19: 4
B20: Bruk (630/550) (eks 2xAlfredo) | C20: Type x antall | D20: =SUM(E20:AI20) -> 0 | E20: 2*S630 | F20: 2*S630 | G20: 2*630 | H20: 2*630 | I20: 2*630 | J20: 2*630 | K20: 2*630 | L20: 2*630 | M20: 2*630 | N20: 2*630 | O20: 2*630 | P20: 2*630 | Q20: 2*630 | R20: 2*630 | S20: 2*630 | T20: 2*630 | U20: 2*630 | W20: 2*630 | X20: 2*630 | Y20: 2*630 | Z20: 2*630 | AA20: 2*630 | AB20: 2*630 | AC20: 2*630 | AD20: 2*630 | AE20: 2*630 | AF20: 2*630 | AG20: 2*630 | AH20: 2*630
B21: Sjøtemperatur | C21: Grader | F21: 6.6 | G21: 5.8 | H21: 6 | I21: 6 | K21: 7 | L21: 6 | M21: 6 | N21: 7 | O21: 6 | P21: 6 | Q21: 6 | R21: 6 | S21: 6 | T21: 6 | U21: 6
B23: Fangst pr tauetime kg | C23: =D25/D18 -> 2214.043
A25: efangst | B25: Fangst total(produktvekt) | C25: (autosummering) | D25: =SUM(E25:AI25) -> 936983 | E25: =SUM(E26:E37) -> 13897 | F25: =SUM(F26:F37) -> 35329 | G25: =SUM(G26:G37) -> 32378 | H25: =SUM(H26:H37) -> 41290 | I25: =SUM(I26:I37) -> 28066 | J25: =SUM(J26:J37) -> 29055 | K25: =SUM(K26:K37) -> 24277 | L25: =SUM(L26:L37) -> 45363 | ... AI25: =SUM(AI26:AI37) -> 0
B26: Torsk | C26: kg | D26: =SUM(E26:AI26) -> 141488 | E26: 10910 | F26: 6475 | G26: 4376 | H26: 10101 | I26: 9804 | J26: 7192 | K26: 3774 | L26: 4141 | M26: 2298 | N26: 1430 | O26: 1718 | P26: 1146 | Q26: 4072 | R26: 2438 | S26: 921 | T26: 2196 | U26: 3282 | V26: 0 | W26: 1886 | X26: 2625 | Y26: 1856 | Z26: 10851 | AA26: 4082 | AB26: 2994 | AC26: 4012 | AD26: 5237 | AE26: 5315 | AF26: 7462 | AG26: 16897 | AH26: 1997
B27: Hyse | C27: kg | D27: =SUM(E27:AI27) -> 606476 | E27: 2272 | F27: 26318 | G27: 25082 | H27: 28446 | I27: 13706 | J27: 14702 | K27: 13974 | L27: 34141 | M27: 13725 | N27: 29856 | O27: 23136 | P27: 31056 | Q27: 34176 | R27: 17280 | S27: 14112 | T27: 25776 | U27: 32358 | W27: 28230 | X27: 17319 | Y27: 3168 | Z27: 26414 | AA27: 28359 | AB27: 27536 | AC27: 22834 | AD27: 39986 | AE27: 30721 | AF27: 436 | AG27: 678 | AH27: 679
B28: Sei N | C28: kg | D28: =SUM(E28:AI28) -> 86890 | E28: 598 | F28: 480 | G28: 1472 | I28: 736 | J28: 94 | K28: 616 | L28: 239 | N28: 414 | Q28: 2576 | R28: 2484 | T28: 2806 | U28: 4050 | W28: 92 | X28: 276 | Y28: 368 | Z28: 640 | AA28: 274 | AB28: 1839 | AC28: 598 | AD28: 1396 | AE28: 1846 | AF28: 18060 | AG28: 3024 | AH28: 41912
B29: Sei S | C29: kg | D29: =SUM(E29:Y29) -> 0
B30: Uer rund | C30: kg | D30: =SUM(E30:AI30) -> 95987 | E30: 95 | F30: 1728 | G30: 1008 | H30: 2282 | I30: 3632 | J30: 7067 | K30: 5868 | L30: 6747 | M30: 1324 | N30: 3636 | O30: 4916 | P30: 2352 | Q30: 3781 | R30: 2859 | S30: 4072 | T30: 5030 | U30: 3732 | W30: 3532 | X30: 3268 | Y30: 1346 | Z30: 722 | AA30: 8678 | AB30: 6689 | AC30: 4290 | AD30: 3647 | AE30: 1053 | AF30: 234 | AG30: 1112 | AH30: 1287
B31: Uer j/c | C31: kg | D31: =SUM(E31:AI31) -> 0
B32: Uer hoder | C32: kg | D32: =SUM(E32:AI32) -> 0
B33: Blåkveite | C33: kg | D33: =SUM(E33:AI33) -> 4340 | F33: 228 | G33: 440 | H33: 216 | I33: 88 | N33: 396 | O33: 176 | Q33: 352 | R33: 260 | S33: 698 | T33: 400 | U33: 298 | X33: 44 | Y33: 484 | AE33: 260
B34: Blåkveite hoder | C34: kg | D34: =SUM(E34:AI34) -> 420 | H34: 200 | I34: 100 | Y34: 120
B35: Reke | C35: kg | D35: =SUM(E35:AI35) -> 0
B36: Reke kok | C36: kg | D36: =SUM(E36:AI36) -> 0
B37: Bifangst/Annet | C37: kg | D37: =SUM(E37:AI37) -> 1382 | E37: 22 | F37: 100 | H37: 45 | K37: 45 | L37: 95 | O37: 90 | Q37: 120 | R37: 80 | S37: 100 | T37: 100 | X37: 45 | Z37: 30 | AA37: 20 | AD37: 70 | AF37: 100 | AG37: 50 | AH37: 270
A39: Maskin | B39: Bunkersforbruk | C39: ltr | D39: =SUM(E39:AI39) -> 368000 | E39: 10000 | F39: 12000 | G39: 12000 | H39: 11000 | I39: 10000 | J39: 10000 | K39: 12000 | L39: 12000 | M39: 13000 | N39: 12000 | O39: 12000 | P39: 10000 | Q39: 13000 | R39: 13000 | S39: 13000 | T39: 13000 | U39: 13000 | V39: 8000 | W39: 13000 | X39: 11000 | Y39: 7000 | Z39: 12000 | AA39: 14000 | AB39: 12000 | AC39: 13000 | AD39: 13000 | AE39: 14000 | AF39: 14000 | AG39: 15000 | AH39: 14000 | AI39: 7000
B40: Smørolje forbruk | C40: ltr | D40: =SUM(E40:AI40) -> 1400 | E40: 0 | F40: 0 | G40: 0 | H40: 200 | I40: 0 | J40: 0 | K40: 0 | L40: 0 | M40: 200 | N40: 0 | O40: 0 | P40: 200 | Q40: 0 | R40: 0 | S40: 0 | T40: 0 | U40: 0 | V40: 0 | W40: 300 | X40: 0 | Y40: 0 | Z40: 0 | AA40: 0 | AB40: 0 | AC40: 200 | AD40: 0 | AE40: 0 | AF40: 0 | AG40: 0 | AH40: 0 | AI40: 300
A43: Fabrikk | B43: Timer uten produksjon, totalt | C43: timer | D43: =SUM(E43:AI43) -> 48 | E43: 0 | F43: 0 | G43: 0 | H43: 0 | I43: 6 | J43: 0 | K43: 1 | L43: 0 | M43: 0 | N43: 0 | O43: 0 | P43: 0 | Q43: 0 | R43: 6 | S43: 0 | T43: 0 | U43: 0 | V43: 3 | W43: 0 | X43: 10 | Y43: 22 | Z43: 0 | AA43: 0 | AB43: 0 | AC43: 0 | AD43: 0 | AE43: 0 | AF43: 0 | AG43: 0 | AH43: 0 | AI43: 0
B44: Mangel på fisk | C44: timer | D44: =SUM(E44:AI44) -> 39 | E44: 0 | F44: 0 | G44: 0 | H44: 0 | I44: 0 | J44: 0 | K44: 0 | L44: 0 | M44: 3 | N44: 0 | O44: 0 | P44: 0 | Q44: 2 | R44: 0 | S44: 0 | T44: 0 | U44: 0 | V44: 19 | W44: 0 | X44: 0 | Y44: 0 | Z44: 0 | AA44: 0 | AB44: 0 | AC44: 0 | AD44: 0 | AE44: 2 | AF44: 6 | AG44: 7 | AH44: 0 | AI44: 0
B45: Tekniske problem | C45: timer | D45: =SUM(E45:AI45) -> 50 | E45: 0 | F45: 4 | G45: 2 | H45: 4 | I45: 6 | J45: 2 | K45: 2 | L45: 2 | M45: 2 | N45: 2 | O45: 2 | P45: 2 | Q45: 2 | R45: 6 | S45: 0 | T45: 2 | U45: 0 | V45: 3 | W45: 2 | X45: 4 | Y45: 0 | Z45: 1 | AA45: 0 | AB45: 0 | AC45: 0 | AD45: 0 | AE45: 0 | AF45: 0 | AG45: 0 | AH45: 0 | AI45: 0
B46: Andre årsaker | C46: timer | D46: =SUM(E46:AI46) -> 0 | E46: 0 | F46: 0 | G46: 0 | H46: 0 | I46: 0 | J46: 0 | K46: 0 | L46: 0 | M46: 0 | N46: 0 | O46: 0 | P46: 0 | Q46: 0 | R46: 0 | S46: 0 | T46: 0 | U46: 0 | V46: 0 | W46: 0 | X46: 0 | Y46: 0 | Z46: 0 | AA46: 0 | AB46: 0 | AC46: 0 | AD46: 0 | AE46: 0 | AF46: 0 | AG46: 0 | AH46: 0 | AI46: 0
B47: Ensilasje, råstoff | C47: kg | D47: =SUM(E47:AI47) -> 367000 | E47: 0 | F47: 0 | G47: 0 | H47: 0 | I47: 0 | J47: 0 | K47: 0 | L47: 0 | M47: 0 | N47: 0 | O47: 0 | P47: 0 | Q47: 0 | R47: 0 | S47: 200000 | T47: 0 | U47: 0 | V47: 0 | W47: 65000 | X47: 0 | Y47: 0 | Z47: 0 | AA47: 0 | AB47: 0 | AC47: 0 | AD47: 102000 | AE47: 0 | AF47: 0 | AG47: 0 | AH47: 0 | AI47: 0
B48: Ensilasje, syreforbruk | C48: kg | D48: =SUM(O48:AI48) -> 15000 | E48: 0 | F48: 0 | G48: 0 | H48: 0 | I48: 0 | J48: 0 | K48: 0 | L48: 0 | M48: 0 | N48: 0 | O48: 0 | P48: 0 | Q48: 0 | R48: 0 | S48: 8000 | T48: 0 | U48: 0 | V48: 0 | W48: 2800 | X48: 0 | Y48: 0 | Z48: 0 | AA48: 0 | AB48: 0 | AC48: 0 | AD48: 4200 | AE48: 0 | AF48: 0 | AG48: 0 | AH48: 0 | AI48: 0
A50: Kommentarer* | B50: Hendelser/Avvik: | C50: (overskrift) | D50: (overskrift) | E50: (overskrift) | F50: (overskrift) | G50: (overskrift) | H50: (overskrift) | I50: (overskrift) | J50: (overskrift) | K50: (overskrift) | L50: (overskrift) | M50: (overskrift) | N50: (overskrift) | O50: (overskrift) | P50: (overskrift) | Q50: (overskrift) | R50: (overskrift) | S50: (overskrift) | T50: (overskrift) | U50: (overskrift) | V50: (overskrift) | W50: (overskrift) | X50: (overskrift) | Y50: (overskrift) | Z50: (overskrift) | AA50: (overskrift) | AB50: (overskrift) | AC50: (overskrift) | AD50: (overskrift) | AE50: (overskrift) | AF50: (overskrift) | AG50: (overskrift) | AH50: (overskrift) | AI50: (overskrift)
B51: HMS | C51: kommentar | D51: kommentar | E51: kommentar | F51: kommentar | G51: kommentar | H51: kommentar | I51: kommentar | J51: kommentar | K51: kommentar | L51: kommentar | M51: kommentar | N51: kommentar | O51: kommentar | P51: kommentar | Q51: kommentar | R51: kommentar | S51: kommentar | T51: kommentar | U51: kommentar | V51: kommentar | W51: kommentar | X51: kommentar | Y51: kommentar | Z51: kommentar | AA51: kommentar | AB51: kommentar | AC51: kommentar | AD51: kommentar | AE51: kommentar | AF51: kommentar | AG51: kommentar | AH51: kommentar | AI51: kommentar
B52: Fiske | C52: kommentar | D52: kommentar | E52: kommentar | F52: kommentar | G52: kommentar | H52: kommentar | I52: kommentar | J52: kommentar | K52: kommentar | L52: kommentar | M52: kommentar | N52: kommentar | O52: kommentar | P52: Sopp/stein hal 1 | Q52: kommentar | R52: kommentar | S52: kommentar | T52: kommentar | U52: sopp hal 4. b-kvalitet på fisken | V52: kommentar | W52: kommentar | X52: kommentar | Y52: kommentar | Z52: kommentar | AA52: kommentar | AB52: kommentar | AC52: Splitt bb trål hal #2 | AD52: kommentar | AE52: kommentar | AF52: kommentar | AG52: kommentar | AH52: kommentar | AI52: kommentar
B53: Produksjon | C53: kommentar | D53: kommentar | E53: rullegrader defekt | F53: Innkjøring Manskap | G53: Innkjøring Manskap | H53: Innkjøring Manskap | I53: problemer med paletering | J53: Problem med Paletering | L53: kommentar | M53: kommentar | N53: kommentar | O53: kommentar | P53: kommentar | Q53: kommentar | R53: kommentar | S53: kommentar | T53: kommentar | U53: kommentar | V53: kommentar | W53: kommentar | X53: kommentar | Y53: kommentar | Z53: kommentar | AA53: kommentar | AB53: kommentar | AC53: kommentar | AD53: kommentar | AE53: kommentar | AF53: kommentar | AG53: kommentar | AH53: kommentar | AI53: kommentar
B54: Drift/fartøy | C54: kommentar | D54: kommentar | E54: kommentar | F54: kommentar | G54: kommentar | H54: kommentar | I54: kommentar | J54: kommentar | K54: Skifte av Scantrol PC | L54: kommentar | M54: kommentar | N54: kommentar | O54: kommentar | P54: kommentar | Q54: Scantrol låst. | R54: kommentar | S54: kommentar | T54: kommentar | U54: kommentar | V54: Storm. Raus i øvre lasterom. | W54: kommentar | X54: kommentar | Y54: Lossing Senjahopen | Z54: kommentar | AA54: kommentar | AB54: kommentar | AC54: kommentar | AD54: Stopp i fabrikken | AE54: kommentar | AF54: kommentar | AG54: kommentar | AH54: kommentar | AI54: kommentar
B56: Estimert fangstverdi | C56: kr | D56: =SUM(D57:D69) -> 26932100 | E56: =SUM(E57:E69) -> 536138.7 | F56: =SUM(F57:F69) -> 1066176.6 | G56: =SUM(G57:G69) -> 967914.36 | H56: =SUM(H57:H69) -> 1277397.6 | I56: =SUM(I57:I69) -> 851976.92 | J56: =SUM(J57:J69) -> 771701.56 | K56: =SUM(K57:K69) -> 611579.46 | ... AI56: =SUM(AI57:AI69) -> 0
B57: Torsk | C57: 41.89 | D57: =D26*$C57 -> 5926932.3 | E57: =E26*$C57 -> 457019.9 | F57: =F26*$C57 -> 271237.75 | G57: =G26*$C57 -> 183310.64 | H57: =H26*$C57 -> 423130.89 | I57: =I26*$C57 -> 410689.56 | J57: =J26*$C57 -> 301272.88 | K57: =K26*$C57 -> 158092.86 | ... AI57: =AI26*$C57 -> 0
B58: Hyse | C58: 28.98 | D58: =D27*$C58 -> 17575674 | E58: =E27*$C58 -> 65842.56 | F58: =F27*$C58 -> 762695.64 | G58: =G27*$C58 -> 726876.36 | H58: =H27*$C58 -> 824365.08 | I58: =I27*$C58 -> 397199.88 | J58: =J27*$C58 -> 426063.96 | K58: =K27*$C58 -> 404966.52 | ... AI58: =AI27*$C58 -> 0
B59: Sei N | C59: 20.88 | D59: =D28*$C59 -> 1814263.2 | E59: =E28*$C59 -> 12486.24 | F59: =F28*$C59 -> 10022.4 | G59: =G28*$C59 -> 30735.36 | H59: =H28*$C59 -> 0 | I59: =I28*$C59 -> 15367.68 | J59: =J28*$C59 -> 1962.72 | K59: =K28*$C59 -> 12862.08 | ... AI59: =AI28*$C59 -> 0
B60: Sei S | C60: 15 | D60: =D29*$C60 -> 0 | E60: =E29*$C60 -> 0 | F60: =F29*$C60 -> 0 | G60: =G29*$C60 -> 0 | H60: =H29*$C60 -> 0 | I60: =I29*$C60 -> 0 | J60: =J29*$C60 -> 0 | K60: =K29*$C60 -> 0 | ... AI60: =AI29*$C60 -> 0
B61: Uer rund | C61: 6 | D61: =D30*$C61 -> 575922 | E61: =E30*$C61 -> 570 | F61: =F30*$C61 -> 10368 | G61: =G30*$C61 -> 6048 | H61: =H30*$C61 -> 13692 | I61: =I30*$C61 -> 21792 | J61: =J30*$C61 -> 42402 | K61: =K30*$C61 -> 35208 | ... AI61: =AI30*$C61 -> 0
B62: Uer j/c | C62: 12 | E62: =E31*$C62 -> 0 | F62: =F31*$C62 -> 0 | G62: =G31*$C62 -> 0 | H62: =H31*$C62 -> 0 | I62: =I31*$C62 -> 0 | J62: =J31*$C62 -> 0 | K62: =K31*$C62 -> 0 | L62: =L31*$C62 -> 0 | ... AI62: =AI31*$C62 -> 0
B63: Uer hoder | C63: 4 | D63: =D32*$C63 -> 0 | E63: =E32*$C63 -> 0 | F63: =F32*$C63 -> 0 | G63: =G32*$C63 -> 0 | H63: =H32*$C63 -> 0 | I63: =I32*$C63 -> 0 | J63: =J32*$C63 -> 0 | K63: =K32*$C63 -> 0 | ... AI63: =AI32*$C63 -> 0
B64: Blåkveite | C64: 47.6 | D64: =D33*$C64 -> 206584 | E64: =E33*$C64 -> 0 | F64: =F33*$C64 -> 10852.8 | G64: =G33*$C64 -> 20944 | H64: =H33*$C64 -> 10281.6 | I64: =I33*$C64 -> 4188.8 | J64: =J33*$C64 -> 0 | K64: =K33*$C64 -> 0 | ... AI64: =AI33*$C64 -> 0
B65: Blåkveite hoder | C65: 27.39 | D65: =D34*$C65 -> 11503.8 | E65: =E34*$C65 -> 0 | F65: =F34*$C65 -> 0 | G65: =G34*$C65 -> 0 | H65: =H34*$C65 -> 5478 | I65: =I34*$C65 -> 2739 | J65: =J34*$C65 -> 0 | K65: =K34*$C65 -> 0 | ... AI65: =AI34*$C65 -> 0
B66: Reke | C66: 24 | D66: =D35*$C66 -> 0 | E66: =E35*$C66 -> 0 | F66: =F35*$C66 -> 0 | G66: =G35*$C66 -> 0 | H66: =H35*$C66 -> 0 | I66: =I35*$C66 -> 0 | J66: =J35*$C66 -> 0 | K66: =K35*$C66 -> 0 | ... AI66: =AI35*$C66 -> 0
B67: Reke kok | C67: 35 | D67: =D36*$C67 -> 0 | E67: =E36*$C67 -> 0 | F67: =F36*$C67 -> 0 | G67: =G36*$C67 -> 0 | H67: =H36*$C67 -> 0 | I67: =I36*$C67 -> 0 | J67: =J36*$C67 -> 0 | K67: =K36*$C67 -> 0 | ... AI67: =AI36*$C67 -> 0
B68: Bifangst/Annet | C68: 10 | D68: =D37*$C68 -> 13820 | E68: =E37*$C68 -> 220 | F68: =F37*$C68 -> 1000 | G68: =G37*$C68 -> 0 | H68: =H37*$C68 -> 450 | I68: =I37*$C68 -> 0 | J68: =J37*$C68 -> 0 | K68: =K37*$C68 -> 450 | ... AI68: =AI37*$C68 -> 0
B69: Ensilasje | C69: 2.2 | D69: =D47*C69 -> 807400 | E69: =E47*D69 -> 0 | F69: =F47*E69 -> 0 | G69: =G47*F69 -> 0 | H69: =H47*G69 -> 0 | I69: =I47*H69 -> 0 | J69: =J47*I69 -> 0 | K69: =K47*J69 -> 0 | ... AI69: =AI47*AH69 -> 0
B71: Snittinntekt pr dag | D71: =AVERAGEIF(E56:Y56, ">0") -> 843721.93
B73: Lott/hyre | C73: 0.31 | D73: =SUM(E73:AI73) -> 6559912.1 | E73: =(E56*0.81)*0.31 -> 134624.43 | F73: =(F56*0.81)*$C$73 -> 267716.94 | G73: =(G56*0.81)*$C$73 -> 243043.3 | H73: =(H56*0.81)*$C$73 -> 320754.53 | I73: =(I56*0.81)*$C$73 -> 213931.4 | J73: =(J56*0.81)*$C$73 -> 193774.26 | K73: =(K56*0.81)*$C$73 -> 153567.6 | L73: =(L56*0.81)*$C$73 -> 303653.97 | M73: =(M56*0.81)*$C$73 -> 126041.58 | ... AI73: =(AI56*0.81)*$C$73 -> 0
B74: Est. vedlikehold pr dag | C74: =11000000/280 -> 39285.714 | D74: =SUM(E74:AI74) -> 1217857.1 | E74: =$C$74 -> 39285.714 | F74: =$C$74 -> 39285.714 | G74: =$C$74 -> 39285.714 | H74: =$C$74 -> 39285.714 | I74: =$C$74 -> 39285.714 | J74: =$C$74 -> 39285.714 | K74: =$C$74 -> 39285.714 | L74: =$C$74 -> 39285.714 | ... AI74: =$C$74 -> 39285.714
B75: Est. "andre kostnader" pr dag | C75: =12900000/280 -> 46071.429 | D75: =SUM(E75:AI75) -> 1428214.3 | E75: =$C$75 -> 46071.429 | F75: =$C$75 -> 46071.429 | G75: =$C$75 -> 46071.429 | H75: =$C$75 -> 46071.429 | I75: =$C$75 -> 46071.429 | J75: =$C$75 -> 46071.429 | K75: =$C$75 -> 46071.429 | L75: =$C$75 -> 46071.429 | ... AI75: =$C$75 -> 46071.429
B76: Bunkers | C76: 10 | D76: =SUM(E76:AI76) -> 3680000 | E76: =$C$76*E39 -> 100000 | F76: =$C$76*F39 -> 120000 | G76: =$C$76*G39 -> 120000 | H76: =$C$76*H39 -> 110000 | I76: =$C$76*I39 -> 100000 | J76: =$C$76*J39 -> 100000 | K76: =$C$76*K39 -> 120000 | L76: =$C$76*L39 -> 120000 | ... AI76: =$C$76*AI39 -> 70000
B77: Est. Driftsres. f. avskrivninger | C77: =SUM(E77:AI77) -> 13238716 | D77: =D56-D73-D74-D75-D76 -> 14046116 | E77: =E56-E73-E74-E75-E76 -> 216157.13 | F77: =F56-F73-F74-F75-F76 -> 593102.51 | G77: =G56-G73-G74-G75-G76 -> 519513.92 | H77: =H56-H73-H74-H75-H76 -> 761285.9 | I77: =I56-I73-I74-I75-I76 -> 452688.37 | J77: =J56-J73-J74-J75-J76 -> 392570.16 | K77: =K56-K73-K74-K75-K76 -> 252654.71 | ... AI77: =AI56-AI73-AI74-AI75-AI76 -> -155357.14
B78: Akkumulert | E78: =E77 -> 216157.13 | F78: =F77+E78 -> 809259.63 | G78: =G77+F78 -> 1328773.6 | H78: =H77+G78 -> 2090059.5 | I78: =I77+H78 -> 2542747.8 | J78: =J77+I78 -> 2935318 | K78: =K77+J78 -> 3187972.7 | L78: =L77+K78 -> 3888256.6 | M78: =M77+L78 -> 4048815.6 | ... AI78: =AI77+AH78 -> 13238716
B81: Bunkers pr kg produkt | C81: =D39/D25 -> 0.39274992
G84: Snittpriser 14/02/22 - 20/02/22
G85: NR hovedarter | H85: Størrelse | I85: Tilstand | J85: Kvalitet | K85: Kvantum | L85: Snittpris | M85: Vektet
G86: Torsk | H86: ikke oppgitt | I86: rogn | J86: a | K86: 2608 | L86: 38.23
G87: Torsk | H87: -1,0 kg | I87: sløyd u/hode | J87: a | K87: 85647 | L87: 34.91 | M87: 1.7935076
G88: Torsk | H88: 1,0-2,5 kg | I88: sløyd u/hode | J88: a | K88: 742226 | L88: 39.05 | M88: 17.38595
G89: Torsk | H89: 2,5-6,0 kg | I89: sløyd u/hode | J89: a | K89: 587570 | L89: 45.15 | M89: 15.913239
G90: Torsk | H90: 2,5+ kg | I90: sløyd u/hode | J90: a | K90: 80371 | L90: 35.58 | M90: 1.7153254
G91: Torsk | H91: 6,0+ kg | I91: sløyd u/hode | J91: a | K91: 168667 | L91: 50.23 | M91: 5.0819983
K92: 1667089 | M92: 41.89002
G94: Hyse | H94: -0,8 kg | I94: sløyd u/hode | J94: a | K94: 77875 | L94: 26.49 | M94: 8.538883
G95: Hyse | H95: 0,8+ kg | I95: sløyd u/hode | J95: a | K95: 163715 | L95: 30.17 | M95: 20.444892
K96: 241590 | M96: 28.983775
G98: Sei | H98: -1,2 kg | I98: sløyd u/hode | J98: a | K98: 64834 | L98: 18.75 | M98: 3.117347
G99: Sei | H99: 1,2-2,3 kg | I99: sløyd u/hode | J99: a | K99: 305804 | L99: 21.25 | M99: 16.664149
G100: Sei | H100: 2,3+ kg | I100: sløyd u/hode | J100: a | K100: 19321 | L100: 22.25 | M100: 1.1024037
K101: 389959 | M101: 20.8839

Sheet Ark2

Sheet Tur 3 2022 
B2: Navn | C2: "Breidtind"
B3: Turnr | C3: 3
B4: Tur start | C4: 44656
B5: Tur slutt | C5: 44690
B7: Aktivitet | D7: Totalt | E7: 44656 | F7: =E7+1 -> 44657 | G7: =F7+1 -> 44658 | H7: =G7+1 -> 44659 | I7: =H7+1 -> 44660 | J7: =I7+1 -> 44661 | K7: =J7+1 -> 44662 | L7: =K7+1 -> 44663 | M7: =L7+1 -> 44664 | ... AM7: =AL7+1 -> 44690
B8: Fiske | C8: timer | D8: =SUM(E8:AI8) -> 549.5 | E8: 0 | F8: 0 | G8: 0 | H8: 0 | I8: 0 | J8: 5.5 | K8: 24 | L8: 24 | M8: 24 | N8: 24 | O8: 24 | P8: 24 | Q8: 24 | R8: 24 | S8: 24 | T8: 24 | U8: 24 | V8: 24 | W8: 24 | X8: 24 | Y8: 24 | Z8: 13 | AA8: 16 | AB8: 24 | AC8: 24 | AD8: 24 | AE8: 24 | AF8: 24 | AG8: 24 | AH8: 11 | AI8: 0 | AJ8: 0 | AK8: 0 | AL8: 0 | AM8: 0
B9: Seiling | C9: timer | D9: =SUM(E9:AI9) -> 37.5 | E9: 0 | F9: 0 | G9: 0 | H9: 0 | I9: 19 | J9: 18.5 | K9: 0 | L9: 0 | M9: 0 | N9: 0 | O9: 0 | P9: 0 | Q9: 0 | R9: 0 | S9: 0 | T9: 0 | U9: 0 | V9: 0 | W9: 0 | X9: 0 | Y9: 0 | Z9: 0 | AA9: 0 | AB9: 0 | AC9: 0 | AD9: 0 | AE9: 0 | AF9: 0 | AG9: 0 | AH9: 0 | AI9: 0 | AJ9: 0 | AK9: 0 | AL9: 0 | AM9: 0
B10: Teknisk (feil, problem) | C10: timer | D10: =SUM(E10:AI10) -> 72 | E10: 0 | F10: 24 | G10: 24 | H10: 24 | I10: 0 | J10: 0 | K10: 0 | L10: 0 | M10: 0 | N10: 0 | O10: 0 | P10: 0 | Q10: 0 | R10: 0 | S10: 0 | T10: 0 | U10: 0 | V10: 0 | W10: 0 | X10: 0 | Y10: 0 | Z10: 0 | AA10: 0 | AB10: 0 | AC10: 0 | AD10: 0 | AE10: 0 | AF10: 0 | AG10: 0 | AH10: 0 | AI10: 0 | AJ10: 0 | AK10: 0 | AL10: 0 | AM10: 0
B11: Vasking | C11: timer | D11: =SUM(E11:AI11) -> 13 | E11: 0 | F11: 0 | G11: 0 | H11: 0 | I11: 0 | J11: 0 | K11: 0 | L11: 0 | M11: 0 | N11: 0 | O11: 0 | P11: 0 | Q11: 0 | R11: 0 | S11: 0 | T11: 0 | U11: 0 | V11: 0 | W11: 0 | X11: 0 | Y11: 0 | Z11: 0 | AA11: 0 | AB11: 0 | AC11: 0 | AD11: 0 | AE11: 0 | AF11: 0 | AG11: 0 | AH11: 13 | AI11: 0 | AJ11: 0 | AK11: 0 | AL11: 0 | AM11: 0
B12: Lossing | C12: timer | D12: =SUM(E12:AI12) -> 15 | E12: 15 | F12: 0 | G12: 0 | H12: 0 | I12: 0 | J12: 0 | K12: 0 | L12: 0 | M12: 0 | N12: 0 | O12: 0 | P12: 0 | Q12: 0 | R12: 0 | S12: 0 | T12: 0 | U12: 0 | V12: 0 | W12: 0 | X12: 0 | Y12: 0 | Z12: 0 | AA12: 0 | AB12: 0 | AC12: 0 | AD12: 0 | AE12: 0 | AF12: 0 | AG12: 0 | AH12: 0 | AI12: 0 | AJ12: 0 | AK12: 0 | AL12: 0 | AM12: 0
B13: Bunkring | C13: timer | D13: =SUM(E13:AI13) -> 5 | E13: 0 | F13: 0 | G13: 0 | H13: 0 | I13: 5 | J13: 0 | K13: 0 | L13: 0 | M13: 0 | N13: 0 | O13: 0 | P13: 0 | Q13: 0 | R13: 0 | S13: 0 | T13: 0 | U13: 0 | V13: 0 | W13: 0 | X13: 0 | Y13: 0 | Z13: 0 | AA13: 0 | AB13: 0 | AC13: 0 | AD13: 0 | AE13: 0 | AF13: 0 | AG13: 0 | AH13: 0 | AI13: 0 | AJ13: 0 | AK13: 0 | AL13: 0 | AM13: 0
B14: Annet | C14: timer | D14: =SUM(E14:AI14) -> 19 | E14: 0 | F14: 0 | G14: 0 | H14: 0 | I14: 0 | J14: 0 | K14: 0 | L14: 0 | M14: 0 | N14: 0 | O14: 0 | P14: 0 | Q14: 0 | R14: 0 | S14: 0 | T14: 0 | U14: 0 | V14: 0 | W14: 0 | X14: 0 | Y14: 0 | Z14: 11 | AA14: 8 | AB14: 0 | AC14: 0 | AD14: 0 | AE14: 0 | AF14: 0 | AG14: 0 | AH14: 0 | AI14: 0 | AJ14: 0 | AK14: 0 | AL14: 0 | AM14: 0
B15: SUM | C15: timer | D15: =SUM(E15:AI15) -> 711 | E15: =SUM(E8:E14) -> 15 | F15: =SUM(F8:F14) -> 24 | G15: =SUM(G8:G14) -> 24 | H15: =SUM(H8:H14) -> 24 | I15: =SUM(I8:I14) -> 24 | J15: =SUM(J8:J14) -> 24 | K15: =SUM(K8:K14) -> 24 | L15: =SUM(L8:L14) -> 24 | ... AM15: =SUM(AM8:AM14) -> 0
B17: Felt/område | C17: Navn | D17: =SUM(E17:AI17) -> 0 | J17: sentralbanken | K17: sentralbanken | L17: sentralbanken | M17: sentralbanken | N17: sentralbanken | O17: sentralbanken | P17: sentralbanken | Q17: sentralbanken | R17: sentralbanken | S17: sentralbanken | T17: sør i smutthullet | U17: sør i smutthullet | V17: sør i smutthullet | W17: sør i smutthullet | X17: smutthullet sør | Y17: sentralbanken | Z17: sentralbanken | AA17: sentralbanken | AB17: sentralbanken | AC17: smutthullet sør | AD17: smutthullet sør | AE17: smutthullet sør | AF17: sentralbanken
B18: Tauetimer | C18: Timer | D18: =SUM(E18:AI18) -> 432 | J18: 5.5 | K18: 17 | L18: 19 | M18: 22 | N18: 21.5 | O18: 17 | P18: 21.5 | Q18: 21.5 | R18: 20 | S18: 21 | T18: 19 | U18: 21,5 | V18: 20 | W18: 20 | X18: 20 | Y18: 18 | Z18: 12 | AA18: 10.5 | AB18: 18 | AC18: 23 | AD18: 22 | AE18: 16 | AF18: 20 | AG18: 19.5 | AH18: 8
B19: Hal | C19: Antall | D19: =SUM(E19:AI19) -> 84 | J19: 2 | K19: 3 | L19: 3 | M19: 4 | N19: 4 | O19: 3 | P19: 4 | Q19: 4 | R19: 4 | S19: 4 | T19: 3 | U19: 4 | V19: 4 | W19: 4 | X19: 4 | Y19: 3 | Z19: 2 | AA19: 2 | AB19: 3 | AC19: 4 | AD19: 4 | AE19: 2 | AF19: 4 | AG19: 4 | AH19: 2
B20: Bruk (630/550) (eks 2xAlfredo) | C20: Type x antall | D20: =SUM(E20:AI20) -> 0 | J20: cosmos 3000 | K20: cosmos 3000 | L20: cosmos 3000 | M20: cosmos 3000 | N20: cosmos 3000 | O20: cosmos3000 | P20: cosmos 3000 | Q20: cosmos 3000 | R20: cosmos 3000 | S20: cosmos 3000 | T20: cosmos 3000 | U20: cosmos 3000 | V20: cosmos 3000 | W20: cosmos 3000 | X20: cosmos 3000 | Y20: cosmos 3000 | Z20: cosmos 3000 | AA20: cismos 3000 | AB20: cosmos 3000 | AC20: cosmos 3000 | AD20: cosmos3000 | AE20: cosmos 3000 | AF20: cosmos 3000 | AG20: cosmos 3000 | AH20: cosmos 3000
B21: Sjøtemperatur | C21: Grader | L21: 0
B23: Fangst pr tauetime kg | C23: =D25/D18 -> 1126.6389
A25: efangst | B25: Fangst total(produktvekt) | C25: (autosummering) | D25: =SUM(E25:AI25) -> 486708 | E25: =SUM(E26:E37) -> 0 | F25: =SUM(F26:F37) -> 0 | G25: =SUM(G26:G37) -> 0 | H25: =SUM(H26:H37) -> 0 | I25: =SUM(I26:I37) -> 0 | J25: =SUM(J26:J37) -> 3747 | K25: =SUM(K26:K37) -> 17497 | L25: =SUM(L26:L37) -> 24916 | ... AM25: =SUM(AM26:AM37) -> 0
B26: Torsk | C26: kg | D26: =SUM(E26:AI26) -> 0
B27: Hyse | C27: kg | D27: =SUM(E27:AI27) -> 0
B28: Sei N | C28: kg | D28: =SUM(E28:AI28) -> 0
B29: Sei S | C29: kg | D29: =SUM(E29:Y29) -> 0
B30: Uer rund | C30: kg | D30: =SUM(E30:AI30) -> 0
B31: Uer j/c | C31: kg | D31: =SUM(E31:AI31) -> 0
B32: Uer hoder | C32: kg | D32: =SUM(E32:AI32) -> 0
B33: Blåkveite | C33: kg | D33: =SUM(E33:AL33) -> 0
B34: Blåkveite hoder | C34: kg | D34: =SUM(E34:AI34) -> 0
B35: Reke | C35: kg | D35: =SUM(E35:AI35) -> 396546 | J35: 1562 | K35: 13464 | L35: 23656 | M35: 23880 | N35: 14742 | O35: 14742 | P35: 18858 | Q35: 18648 | R35: 11697 | S35: 21966 | T35: 23877 | U35: 23583 | V35: 17031 | W35: 18858 | X35: 22197 | Y35: 24003 | Z35: 10983 | AA35: 9408 | AB35: 11529 | AC35: 12201 | AD35: 16905 | AE35: 11214 | AF35: 10563 | AG35: 13314 | AH35: 7665
B36: Reke kok | C36: kg | D36: =SUM(E36:AI36) -> 90162 | J36: 2185 | K36: =2788+1245 -> 4033 | L36: 1260 | M36: 4629 | N36: 8573 | O36: 4600 | P36: 4494 | Q36: 2644 | R36: 4912 | S36: 710 | T36: 591 | U36: 2626 | V36: 7201 | W36: 5542 | X36: 5257 | Y36: 3185 | AA36: 2252 | AB36: 3059 | AC36: 3918 | AD36: 2894 | AE36: 1771 | AF36: 4707 | AG36: 7362 | AH36: 1757
B37: Bifangst/Annet | C37: kg | D37: =SUM(E37:AI37) -> 0
B38: Koke-% reke | D38: =D36/D25 -> 0.18524865 | E38: =E36/E25 -> #DIV/0! | F38: =F36/F25 -> #DIV/0! | G38: =G36/G25 -> #DIV/0! | H38: =H36/H25 -> #DIV/0! | I38: =I36/I25 -> #DIV/0! | J38: =J36/J25 -> 0.58313317 | K38: =K36/K25 -> 0.23049666 | ... AM38: =AM36/AM25 -> #DIV/0!
A40: Maskin | B40: Bunkersforbruk | C40: ltr | D40: =SUM(E40:AI40) -> 460014 | E40: 4 | F40: 3 | G40: 3 | H40: 4 | I40: 15000 | J40: 18000 | K40: 17000 | L40: 18000 | M40: 17000 | N40: 18000 | O40: 17000 | P40: 18000 | Q40: 18000 | R40: 18000 | S40: 18000 | T40: 18000 | U40: 19000 | V40: 18000 | W40: 18000 | X40: 17000 | Y40: 17000 | Z40: 16000 | AA40: 15000 | AB40: 19000 | AC40: 18000 | AD40: 19000 | AE40: 17000 | AF40: 16000 | AG40: 16000 | AH40: 15000 | AI40: 10000 | AJ40: 6000 | AK40: 0 | AL40: 0 | AM40: 0
B41: Smørolje forbruk | C41: ltr | D41: =SUM(E41:AI41) -> 1300 | E41: 0 | F41: 0 | G41: 0 | H41: 0 | I41: 0 | J41: 0 | K41: 0 | L41: 100 | N41: 0 | O41: 200 | Q41: 0 | R41: 0 | S41: 0 | T41: 0 | V41: 300 | Y41: 300 | AA41: 0 | AB41: 0 | AC41: 200 | AE41: 0 | AF41: 0 | AG41: 0 | AH41: 200 | AI41: 0 | AJ41: 200 | AK41: 0 | AL41: 0 | AM41: 0
A45: Fabrikk | B45: Timer uten produksjon, totalt | C45: timer | D45: =SUM(E45:AI45) -> 0 | E45: 0 | F45: 0 | G45: 0 | H45: 0 | I45: 0 | J45: 0 | K45: 0 | L45: 0 | M45: 0 | N45: 0 | O45: 0 | P45: 0 | Q45: 0 | R45: 0 | S45: 0 | T45: 0 | U45: 0 | V45: 0 | W45: 0 | X45: 0 | Y45: 0 | Z45: 0 | AA45: 0 | AB45: 0 | AC45: 0 | AD45: 0 | AE45: 0 | AF45: 0 | AG45: 0 | AH45: 0 | AI45: 0 | AJ45: 0 | AK45: 0 | AL45: 0 | AM45: 0
B46: Mangel på fisk | C46: timer | D46: =SUM(E46:AI46) -> 0 | E46: 0 | F46: 0 | G46: 0 | H46: 0 | I46: 0 | J46: 0 | K46: 0 | L46: 0 | M46: 0 | N46: 0 | O46: 0 | P46: 0 | Q46: 0 | R46: 0 | S46: 0 | T46: 0 | U46: 0 | V46: 0 | W46: 0 | X46: 0 | Y46: 0 | Z46: 0 | AA46: 0 | AB46: 0 | AC46: 0 | AD46: 0 | AE46: 0 | AF46: 0 | AG46: 0 | AH46: 0 | AI46: 0 | AJ46: 0 | AK46: 0 | AL46: 0 | AM46: 0
B47: Tekniske problem | C47: timer | D47: =SUM(E47:AI47) -> 0 | E47: 0 | F47: 0 | G47: 0 | H47: 0 | I47: 0 | J47: 0 | K47: 0 | L47: 0 | M47: 0 | N47: 0 | O47: 0 | P47: 0 | Q47: 0 | R47: 0 | S47: 0 | T47: 0 | U47: 0 | V47: 0 | W47: 0 | X47: 0 | Y47: 0 | Z47: 0 | AA47: 0 | AB47: 0 | AC47: 0 | AD47: 0 | AE47: 0 | AF47: 0 | AG47: 0 | AH47: 0 | AI47: 0 | AJ47: 0 | AK47: 0 | AL47: 0 | AM47: 0
B48: Andre årsaker | C48: timer | D48: =SUM(E48:AI48) -> 0 | E48: 0 | F48: 0 | G48: 0 | H48: 0 | I48: 0 | J48: 0 | K48: 0 | L48: 0 | M48: 0 | N48: 0 | O48: 0 | P48: 0 | Q48: 0 | R48: 0 | S48: 0 | T48: 0 | U48: 0 | V48: 0 | W48: 0 | X48: 0 | Y48: 0 | Z48: 0 | AA48: 0 | AB48: 0 | AC48: 0 | AD48: 0 | AE48: 0 | AF48: 0 | AG48: 0 | AH48: 0 | AI48: 0 | AJ48: 0 | AK48: 0 | AL48: 0 | AM48: 0
B49: Ensilasje, råstoff | C49: kg | D49: =SUM(E49:Y49) -> 0 | E49: 0 | F49: 0 | G49: 0 | H49: 0 | K49: 0 | N49: 0 | AE49: 0 | AF49: 0 | AG49: 0 | AH49: 0 | AI49: 0 | AJ49: 0 | AK49: 0 | AL49: 0 | AM49: 0
B50: Ensilasje, syreforbruk | C50: kg | D50: =SUM(E50:Y50) -> 0 | E50: 0 | F50: 0 | G50: 0 | H50: 0 | K50: 0 | N50: 0 | AD50: 0 | AE50: 0 | AF50: 0 | AG50: 0 | AH50: 0 | AI50: 0 | AJ50: 0 | AK50: 0 | AL50: 0 | AM50: 0
A52: Kommentarer* | B52: Hendelser/Avvik: | C52: (overskrift) | D52: (overskrift) | E52: (overskrift) | F52: (overskrift) | G52: (overskrift) | H52: (overskrift) | I52: (overskrift) | J52: (overskrift) | K52: (overskrift) | L52: (overskrift) | M52: (overskrift) | N52: (overskrift) | O52: (overskrift) | P52: (overskrift) | Q52: (overskrift) | R52: (overskrift) | S52: (overskrift) | T52: (overskrift) | U52: (overskrift) | V52: (overskrift) | W52: (overskrift) | X52: (overskrift) | Y52: (overskrift) | Z52: Orkan. stopp 12 timer i fiske. | AA52: Bakking halve dagen | AB52: Storm på ettermiddag. legger om til 2 tråler | AC52: 2 tråler første 2 hal. | AD52: (overskrift) | AE52: Havari pumpe til smøring av gear til stb trålwinch. Kjører videre uten pumpe i samråd med Seonics. | AF52: (overskrift) | AG52: (overskrift) | AH52: (overskrift) | AI52: (overskrift) | AJ52: (overskrift) | AK52: (overskrift) | AL52: (overskrift) | AM52: (overskrift)
B53: HMS | C53: kommentar | D53: kommentar | E53: kommentar | F53: kommentar | G53: kommentar | H53: kommentar | I53: kommentar | J53: kommentar | K53: kommentar | L53: kommentar | M53: kommentar | N53: kommentar | O53: kommentar | P53: kommentar | Q53: kommentar | R53: kommentar | S53: kommentar | T53: kommentar | U53: kommentar | V53: kommentar | W53: kommentar | X53: kommentar | Y53: kommentar | Z53: kommentar | AA53: kommentar | AB53: kommentar | AC53: kommentar | AD53: kommentar | AE53: kommentar | AF53: kommentar | AG53: kommentar | AH53: kommentar | AI53: kommentar | AJ53: kommentar | AK53: kommentar | AL53: kommentar | AM53: kommentar
B54: Fiske | C54: kommentar | D54: kommentar | E54: kommentar | F54: kommentar | G54: kommentar | H54: kommentar | I54: kommentar | J54: kommentar | K54: kommentar | L54: kommentar | M54: kommentar | N54: kommentar | O54: kommentar | P54: kommentar | Q54: kommentar | R54: kommentar | S54: kommentar | T54: kommentar | U54: kommentar | V54: kommentar | W54: kommentar | X54: kommentar | Y54: kommentar | Z54: kommentar | AA54: kommentar | AB54: kommentar | AC54: kommentar | AD54: kommentar | AE54: kommentar | AF54: kommentar | AG54: kommentar | AH54: kommentar | AI54: kommentar | AJ54: kommentar | AK54: kommentar | AL54: kommentar | AM54: kommentar
B55: Produksjon | C55: kommentar | D55: kommentar | E55: kommentar | F55: kommentar | G55: kommentar | H55: kommentar | I55: kommentar | J55: kommentar | K55: kommentar | L55: kommentar | M55: kommentar | N55: kommentar | O55: kommentar | Q55: kommentar | T55: kommentar | V55: kommentar | W55: kommentar | X55: kommentar | Y55: kommentar | AA55: kommentar | AB55: kommentar | AC55: kommentar | AD55: kommentar | AE55: kommentar | AF55: kommentar | AG55: kommentar | AH55: kommentar | AI55: kommentar | AJ55: kommentar | AK55: kommentar | AL55: kommentar | AM55: kommentar
B56: Drift/fartøy | C56: kommentar | D56: kommentar | E56: kommentar | F56: kommentar | G56: kommentar | H56: kommentar | I56: kommentar | J56: kommentar | K56: kommentar | L56: kommentar | M56: kommentar | N56: kommentar | O56: kommentar | P56: kommentar | Q56: kommentar | R56: kommentar | S56: kommentar | T56: kommentar | U56: kommentar | V56: kommentar | W56: kommentar | X56: kommentar | Y56: kommentar | Z56: kommentar | AA56: kommentar | AB56: kommentar | AC56: kommentar | AD56: kommentar | AE56: kommentar | AF56: kommentar | AG56: kommentar | AH56: kommentar | AI56: kommentar | AJ56: kommentar | AK56: kommentar | AL56: kommentar | AM56: kommentar
B58: Estimert fangstverdi | C58: kr | D58: =SUM(D59:D71) -> 13916676 | E58: =SUM(E59:E71) -> 0 | F58: =SUM(F59:F71) -> 0 | G58: =SUM(G59:G71) -> 0 | H58: =SUM(H59:H71) -> 0 | I58: =SUM(I59:I71) -> 0 | J58: =SUM(J59:J71) -> 128012 | K58: =SUM(K59:K71) -> 511384 | ... AM58: =SUM(AM59:AM71) -> 0
B59: Torsk | C59: 41.89 | D59: =D26*$C59 -> 0 | E59: =E26*$C59 -> 0 | F59: =F26*$C59 -> 0 | G59: =G26*$C59 -> 0 | H59: =H26*$C59 -> 0 | I59: =I26*$C59 -> 0 | J59: =J26*$C59 -> 0 | K59: =K26*$C59 -> 0 | ... AM59: =AM26*$C59 -> 0
B60: Hyse | C60: 28.98 | D60: =D27*$C60 -> 0 | E60: =E27*$C60 -> 0 | F60: =F27*$C60 -> 0 | G60: =G27*$C60 -> 0 | H60: =H27*$C60 -> 0 | I60: =I27*$C60 -> 0 | J60: =J27*$C60 -> 0 | K60: =K27*$C60 -> 0 | ... AM60: =AM27*$C60 -> 0
B61: Sei N | C61: 20.88 | D61: =D28*$C61 -> 0 | E61: =E28*$C61 -> 0 | F61: =F28*$C61 -> 0 | G61: =G28*$C61 -> 0 | H61: =H28*$C61 -> 0 | I61: =I28*$C61 -> 0 | J61: =J28*$C61 -> 0 | K61: =K28*$C61 -> 0 | ... AM61: =AM28*$C61 -> 0
B62: Sei S | C62: 15 | D62: =D29*$C62 -> 0 | E62: =E29*$C62 -> 0 | F62: =F29*$C62 -> 0 | G62: =G29*$C62 -> 0 | H62: =H29*$C62 -> 0 | I62: =I29*$C62 -> 0 | J62: =J29*$C62 -> 0 | K62: =K29*$C62 -> 0 | ... AM62: =AM29*$C62 -> 0
B63: Uer rund | C63: 6 | D63: =D30*$C63 -> 0 | E63: =E30*$C63 -> 0 | F63: =F30*$C63 -> 0 | G63: =G30*$C63 -> 0 | H63: =H30*$C63 -> 0 | I63: =I30*$C63 -> 0 | J63: =J30*$C63 -> 0 | K63: =K30*$C63 -> 0 | ... AM63: =AM30*$C63 -> 0
B64: Uer j/c | C64: 12 | E64: =E31*$C64 -> 0 | F64: =F31*$C64 -> 0 | G64: =G31*$C64 -> 0 | H64: =H31*$C64 -> 0 | I64: =I31*$C64 -> 0 | J64: =J31*$C64 -> 0 | K64: =K31*$C64 -> 0 | L64: =L31*$C64 -> 0 | ... AM64: =AM31*$C64 -> 0
B65: Uer hoder | C65: 4 | D65: =D32*$C65 -> 0 | E65: =E32*$C65 -> 0 | F65: =F32*$C65 -> 0 | G65: =G32*$C65 -> 0 | H65: =H32*$C65 -> 0 | I65: =I32*$C65 -> 0 | J65: =J32*$C65 -> 0 | K65: =K32*$C65 -> 0 | ... AM65: =AM32*$C65 -> 0
B66: Blåkveite | C66: 47.6 | D66: =D33*$C66 -> 0 | E66: =E33*$C66 -> 0 | F66: =F33*$C66 -> 0 | G66: =G33*$C66 -> 0 | H66: =H33*$C66 -> 0 | I66: =I33*$C66 -> 0 | J66: =J33*$C66 -> 0 | K66: =K33*$C66 -> 0 | ... AH66: =AH33*$C66 -> 0 | AI66: =AL33*$C66 -> 0 | AJ66: =AM33*$C66 -> 0 | AK66: =AN33*$C66 -> 0 | AL66: =AO33*$C66 -> 0 | AM66: =AP33*$C66 -> 0
B67: Blåkveite hoder | C67: 27.39 | D67: =D34*$C67 -> 0 | E67: =E34*$C67 -> 0 | F67: =F34*$C67 -> 0 | G67: =G34*$C67 -> 0 | H67: =H34*$C67 -> 0 | I67: =I34*$C67 -> 0 | J67: =J34*$C67 -> 0 | K67: =K34*$C67 -> 0 | ... AM67: =AM34*$C67 -> 0
B68: Reke | C68: 26 | D68: =D35*$C68 -> 10310196 | E68: =E35*$C68 -> 0 | F68: =F35*$C68 -> 0 | G68: =G35*$C68 -> 0 | H68: =H35*$C68 -> 0 | I68: =I35*$C68 -> 0 | J68: =J35*$C68 -> 40612 | K68: =K35*$C68 -> 350064 | ... AM68: =AM35*$C68 -> 0
B69: Reke kok | C69: 40 | D69: =D36*$C69 -> 3606480 | E69: =E36*$C69 -> 0 | F69: =F36*$C69 -> 0 | G69: =G36*$C69 -> 0 | H69: =H36*$C69 -> 0 | I69: =I36*$C69 -> 0 | J69: =J36*$C69 -> 87400 | K69: =K36*$C69 -> 161320 | ... AM69: =AM36*$C69 -> 0
B70: Bifangst/Annet | C70: 8 | D70: =D37*$C70 -> 0 | E70: =E37*$C70 -> 0 | F70: =F37*$C70 -> 0 | G70: =G37*$C70 -> 0 | H70: =H37*$C70 -> 0 | I70: =I37*$C70 -> 0 | J70: =J37*$C70 -> 0 | K70: =K37*$C70 -> 0 | ... AM70: =AM37*$C70 -> 0
B71: Ensilasje | C71: 2.2 | D71: =D49*C71 -> 0 | E71: =E49*D71 -> 0 | F71: =F49*E71 -> 0 | G71: =G49*F71 -> 0 | H71: =H49*G71 -> 0 | I71: =I49*H71 -> 0 | J71: =J49*I71 -> 0 | K71: =K49*J71 -> 0 | ... AM71: =AM49*AL71 -> 0
B73: Snittinntekt pr dag | D73: =AVERAGEIF(E58:Y58, ">0") -> 631846.5
B75: Lott/hyre | C75: 0.3 | D75: =SUM(E75:AI75) -> 4175002.8 | E75: =E58*$C$75 -> 0 | F75: =F58*$C$75 -> 0 | G75: =G58*$C$75 -> 0 | H75: =H58*$C$75 -> 0 | I75: =I58*$C$75 -> 0 | J75: =J58*$C$75 -> 38403.6 | K75: =K58*$C$75 -> 153415.2 | L75: =L58*$C$75 -> 199636.8 | ... AM75: =AM58*$C$75 -> 0
B76: Est. vedlikehold pr dag | C76: =10800000/325 -> 33230.769 | D76: =SUM(E76:AI76) -> 930461.54 | E76: 0 | F76: 0 | G76: 0 | H76: =$C$76 -> 33230.769 | I76: =$C$76 -> 33230.769 | J76: =$C$76 -> 33230.769 | K76: =$C$76 -> 33230.769 | L76: =$C$76 -> 33230.769 | M76: =$C$76 -> 33230.769 | N76: =$C$76 -> 33230.769 | O76: =$C$76 -> 33230.769 | ... AJ76: =$C$76 -> 33230.769 | AK76: 0 | AL76: 0 | AM76: 0
B77: Est. "andre kostnader" pr dag | C77: 46071 | D77: =SUM(E77:AI77) -> 1289988 | E77: 0 | F77: 0 | G77: 0 | H77: =$C$77 -> 46071 | I77: =$C$77 -> 46071 | J77: =$C$77 -> 46071 | K77: =$C$77 -> 46071 | L77: =$C$77 -> 46071 | M77: =$C$77 -> 46071 | N77: =$C$77 -> 46071 | O77: =$C$77 -> 46071 | ... AJ77: =$C$77 -> 46071 | AK77: 0 | AL77: 0 | AM77: 0
B78: Bunkers | C78: 9.5 | D78: =SUM(E78:AI78) -> 4370038 | E78: 0 | F78: 0 | G78: 0 | H78: =$C$78*H40 -> 38 | I78: =$C$78*I40 -> 142500 | J78: =$C$78*J40 -> 171000 | K78: =$C$78*K40 -> 161500 | L78: =$C$78*L40 -> 171000 | M78: =$C$78*M40 -> 161500 | N78: =$C$78*N40 -> 171000 | O78: =$C$78*O40 -> 161500 | ... AM78: =$C$78*AM40 -> 0
B79: EBITDA | C79: =SUM(E79:AI79) -> 3151185.7 | D79: =D58-D75-D76-D77-D78 -> 3151185.7 | E79: =E58-E75-E76-E77-E78 -> 0 | F79: =F58-F75-F76-F77-F78 -> 0 | G79: =G58-G75-G76-G77-G78 -> 0 | H79: =H58-H75-H76-H77-H78 -> -79339.769 | I79: =I58-I75-I76-I77-I78 -> -221801.77 | J79: =J58-J75-J76-J77-J78 -> -160693.37 | K79: =K58-K75-K76-K77-K78 -> 117167.03 | ... AM79: =AM58-AM75-AM76-AM77-AM78 -> 0
B80: Akkumulert | E80: =E79 -> 0 | F80: =F79+E80 -> 0 | G80: =G79+F80 -> 0 | H80: =H79+G80 -> -79339.769 | I80: =I79+H80 -> -301141.54 | J80: =J79+I80 -> -461834.91 | K80: =K79+J80 -> -344667.88 | L80: =L79+K80 -> -129150.45 | M80: =M79+L80 -> 194275.78 | ... AM80: =AM79+AL80 -> 3014883.9
B83: Bunkers pr kg produkt | C83: =D40/D25 -> 0.94515397
D86: 745 | G86: Snittpriser 14/02/22 - 20/02/22
D87: 15625 | G87: NR hovedarter | H87: Størrelse | I87: Tilstand | J87: Kvalitet | K87: Kvantum | L87: Snittpris | M87: Vektet
D88: 1650 | G88: Torsk | H88: ikke oppgitt | I88: rogn | J88: a | K88: 2608 | L88: 38.23
D89: 8195 | G89: Torsk | H89: -1,0 kg | I89: sløyd u/hode | J89: a | K89: 85647 | L89: 34.91 | M89: 1.7935076
G90: Torsk | H90: 1,0-2,5 kg | I90: sløyd u/hode | J90: a | K90: 742226 | L90: 39.05 | M90: 17.38595
G91: Torsk | H91: 2,5-6,0 kg | I91: sløyd u/hode | J91: a | K91: 587570 | L91: 45.15 | M91: 15.913239
G92: Torsk | H92: 2,5+ kg | I92: sløyd u/hode | J92: a | K92: 80371 | L92: 35.58 | M92: 1.7153254
G93: Torsk | H93: 6,0+ kg | I93: sløyd u/hode | J93: a | K93: 168667 | L93: 50.23 | M93: 5.0819983
K94: 1667089 | M94: 41.89002
G96: Hyse | H96: -0,8 kg | I96: sløyd u/hode | J96: a | K96: 77875 | L96: 26.49 | M96: 8.538883
G97: Hyse | H97: 0,8+ kg | I97: sløyd u/hode | J97: a | K97: 163715 | L97: 30.17 | M97: 20.444892
K98: 241590 | M98: 28.983775
G100: Sei | H100: -1,2 kg | I100: sløyd u/hode | J100: a | K100: 64834 | L100: 18.75 | M100: 3.117347
G101: Sei | H101: 1,2-2,3 kg | I101: sløyd u/hode | J101: a | K101: 305804 | L101: 21.25 | M101: 16.664149
G102: Sei | H102: 2,3+ kg | I102: sløyd u/hode | J102: a | K102: 19321 | L102: 22.25 | M102: 1.1024037
K103: 389959 | M103: 20.8839

Sheet Tur 4 2022
B2: Navn | C2: "Breidtind"
B3: Turnr | C3: 3
B4: Tur start | C4: 44693
B5: Tur slutt | C5: 44726
B7: Aktivitet | D7: Totalt | E7: 44693 | F7: =E7+1 -> 44694 | G7: =F7+1 -> 44695 | H7: =G7+1 -> 44696 | I7: =H7+1 -> 44697 | J7: =I7+1 -> 44698 | K7: =J7+1 -> 44699 | L7: =K7+1 -> 44700 | M7: =L7+1 -> 44701 | ... AM7: =AL7+1 -> 44727
B8: Fiske | C8: timer | D8: =SUM(E8:AI8) -> 660 | E8: 0 | F8: 14.5 | G8: 24 | H8: 24 | I8: 24 | J8: 24 | K8: 24 | L8: 24 | M8: 24 | N8: 24 | O8: 24 | P8: 24 | Q8: 24 | R8: 19 | S8: 18 | T8: 20 | U8: 22 | V8: 24 | W8: 24 | X8: 24 | Y8: 24 | Z8: 24 | AA8: 24 | AB8: 24 | AC8: 24 | AD8: 24 | AE8: 24 | AF8: 24 | AG8: 7 | AH8: 24 | AI8: 7.5 | AJ8: 0 | AK8: 0 | AL8: 0 | AM8: 0
B9: Seiling | C9: timer | D9: =SUM(E9:AI9) -> 67 | E9: 24 | F9: 9.5 | G9: 0 | H9: 0 | I9: 0 | J9: 0 | K9: 0 | L9: 0 | M9: 0 | N9: 0 | O9: 0 | P9: 0 | Q9: 0 | R9: 5 | S9: 6 | T9: 4 | U9: 2 | V9: 0 | W9: 0 | X9: 0 | Y9: 0 | Z9: 0 | AA9: 0 | AB9: 0 | AC9: 0 | AD9: 0 | AE9: 0 | AF9: 0 | AG9: 0 | AH9: 0 | AI9: 16.5 | AJ9: 0 | AK9: 0 | AL9: 0 | AM9: 0
B10: Teknisk (feil, problem) | C10: timer | D10: =SUM(E10:AI10) -> 0 | E10: 0 | F10: 0 | G10: 0 | H10: 0 | I10: 0 | J10: 0 | K10: 0 | L10: 0 | M10: 0 | N10: 0 | O10: 0 | P10: 0 | Q10: 0 | R10: 0 | S10: 0 | T10: 0 | U10: 0 | V10: 0 | W10: 0 | X10: 0 | Y10: 0 | Z10: 0 | AA10: 0 | AB10: 0 | AC10: 0 | AD10: 0 | AE10: 0 | AF10: 0 | AG10: 0 | AH10: 0 | AI10: 0 | AJ10: 0 | AK10: 0 | AL10: 0 | AM10: 0
B11: Vasking | C11: timer | D11: =SUM(E11:AI11) -> 0 | E11: 0 | F11: 0 | G11: 0 | H11: 0 | I11: 0 | J11: 0 | K11: 0 | L11: 0 | M11: 0 | N11: 0 | O11: 0 | P11: 0 | Q11: 0 | R11: 0 | S11: 0 | T11: 0 | U11: 0 | V11: 0 | W11: 0 | X11: 0 | Y11: 0 | Z11: 0 | AA11: 0 | AB11: 0 | AC11: 0 | AD11: 0 | AE11: 0 | AF11: 0 | AG11: 0 | AH11: 0 | AI11: 0 | AJ11: 0 | AK11: 0 | AL11: 0 | AM11: 0
B12: Lossing | C12: timer | D12: =SUM(E12:AI12) -> 0 | E12: 0 | F12: 0 | G12: 0 | H12: 0 | I12: 0 | J12: 0 | K12: 0 | L12: 0 | M12: 0 | N12: 0 | O12: 0 | P12: 0 | Q12: 0 | R12: 0 | S12: 0 | T12: 0 | U12: 0 | V12: 0 | W12: 0 | X12: 0 | Y12: 0 | Z12: 0 | AA12: 0 | AB12: 0 | AC12: 0 | AD12: 0 | AE12: 0 | AF12: 0 | AG12: 0 | AH12: 0 | AI12: 0 | AJ12: 0 | AK12: 0 | AL12: 0 | AM12: 0
B13: Bunkring | C13: timer | D13: =SUM(E13:AI13) -> 0 | E13: 0 | F13: 0 | G13: 0 | H13: 0 | I13: 0 | J13: 0 | K13: 0 | L13: 0 | M13: 0 | N13: 0 | O13: 0 | P13: 0 | Q13: 0 | R13: 0 | S13: 0 | T13: 0 | U13: 0 | V13: 0 | W13: 0 | X13: 0 | Y13: 0 | Z13: 0 | AA13: 0 | AB13: 0 | AC13: 0 | AD13: 0 | AE13: 0 | AF13: 0 | AG13: 0 | AH13: 0 | AI13: 0 | AJ13: 0 | AK13: 0 | AL13: 0 | AM13: 0
B14: Annet | C14: timer | D14: =SUM(E14:AI14) -> 17 | E14: 0 | F14: 0 | G14: 0 | H14: 0 | I14: 0 | J14: 0 | K14: 0 | L14: 0 | M14: 0 | N14: 0 | O14: 0 | P14: 0 | Q14: 0 | R14: 0 | S14: 0 | T14: 0 | U14: 0 | V14: 0 | W14: 0 | X14: 0 | Y14: 0 | Z14: 0 | AA14: 0 | AB14: 0 | AC14: 0 | AD14: 0 | AE14: 0 | AF14: 0 | AG14: 17 | AH14: 0 | AI14: 0 | AJ14: 0 | AK14: 0 | AL14: 0 | AM14: 0
B15: SUM | C15: timer | D15: =SUM(E15:AI15) -> 744 | E15: =SUM(E8:E14) -> 24 | F15: =SUM(F8:F14) -> 24 | G15: =SUM(G8:G14) -> 24 | H15: =SUM(H8:H14) -> 24 | I15: =SUM(I8:I14) -> 24 | J15: =SUM(J8:J14) -> 24 | K15: =SUM(K8:K14) -> 24 | L15: =SUM(L8:L14) -> 24 | ... AM15: =SUM(AM8:AM14) -> 0
B17: Felt/område | C17: Navn | D17: =SUM(E17:AI17) -> 0 | E17: Seilas | F17: Thor Iversen | G17: Thor Iversen | H17: Thor Iversen | I17: Thor Iversen | J17: Thor I | K17: Thor I | L17: Thor I | M17: Thor Iversen | N17: Thor I | O17: Thor I | P17: Thor Iversen | Q17: Thor I | R17: Thor I | S17: Havståholla | T17: Thor Iversen | U17: Hopendjupet Øst | V17: Hopendjupet | W17: Hopendjupet | X17: Hopendjupet | Y17: Hopendjupet | Z17: Hopendjupet | AA17: Hopendjupet | AB17: Hopendjupet | AC17: Hopendjupet | AD17: Hopendjupet | AE17: Hopendjupet | AF17: Hopen øst | AG17: Hopen øst | AH17: Hopen øst | AI17: Hopen øst
B18: Tauetimer | C18: Timer | D18: =SUM(E18:AI18) -> 549 | F18: 10 | G18: 21 | H18: 21.5 | I18: 20.2 | J18: 16.1 | K18: 21 | L18: 20.5 | M18: 21.4 | N18: 17 | O18: 20.3 | P18: 21 | Q18: 21 | R18: 15.5 | S18: 15 | T18: 17 | U18: 20.5 | V18: 18.5 | W18: 21 | X18: 16 | Y18: 21.5 | Z18: 20.5 | AA18: 19.5 | AB18: 21.5 | AC18: 21.5 | AD18: 16.5 | AE18: 19.5 | AF18: 21.5 | AG18: 7 | AH18: 18 | AI18: 7.5
B19: Hal | C19: Antall | D19: =SUM(E19:AI19) -> 102 | F19: 2 | G19: 4 | H19: 4 | I19: 4 | J19: 3 | K19: 4 | L19: 4 | M19: 4 | N19: 3 | O19: 4 | P19: 4 | Q19: 4 | R19: 3 | S19: 3 | T19: 3 | U19: 4 | V19: 3 | W19: 4 | X19: 3 | Y19: 4 | Z19: 4 | AA19: 4 | AB19: 4 | AC19: 4 | AD19: 3 | AE19: 3 | AF19: 4 | AG19: 1 | AH19: 3 | AI19: 1
B20: Bruk (630/550) (eks 2xAlfredo) | C20: Type x antall | D20: =SUM(E20:AI20) -> 0 | F20: 3*C3000 | G20: 3*C3000 | H20: 3*C3000 | I20: 3*C3000 | J20: 3*C3000 | K20: 3*c3000 | L20: 3*C3000 | M20: 3*C3000 | N20: 3*C3000 | O20: 3*C3000 | P20: 3*C3000 | Q20: 3*c3000 | R20: 3*c3000 | S20: 3*C3000 | T20: 3*c3000 | U20: 3*C3000 | V20: 3*c3000 | W20: 3*C3000 | X20: 3*c3000 | Y20: 3*c3000 | Z20: 3*c3000 | AA20: 3*c3000 | AB20: 3*c3000 | AC20: 3*c3000 | AD20: 3*c3000 | AE20: 3*c3000 | AF20: 3*c3000 | AG20: 2*c3000 | AH20: 3*c3000 | AI20: 3*C3000
B21: Sjøtemperatur | C21: Grader | F21: 1.4 | G21: 1.6 | H21: 2.2 | I21: 2.1 | J21: 2.1 | K21: 1.9 | L21: 2 | M21: 2.1 | N21: 1.7 | O21: 1.4 | P21: 1.8 | Q21: 1.2 | R21: 1.5 | S21: 1.1 | T21: 0.8 | U21: 1.1 | V21: 1 | W21: 0.6 | X21: 1.1 | Y21: 1.1 | Z21: 1.2 | AA21: 0.8 | AB21: 0.8 | AC21: 0.8 | AD21: 0.3 | AE21: 0.5 | AF21: 0.5 | AG21: 0.4 | AH21: 0.2 | AI21: 0.6
B23: Fangst pr tauetime kg | C23: =D25/D18 -> 1011.9617
A25: efangst | B25: Fangst total(produktvekt) | C25: (autosummering) | D25: =SUM(E25:AI25) -> 555567 | E25: =SUM(E26:E37) -> 0 | F25: =SUM(F26:F37) -> 9695 | G25: =SUM(G26:G37) -> 22201 | H25: =SUM(H26:H37) -> 21897 | I25: =SUM(I26:I37) -> 22457 | J25: =SUM(J26:J37) -> 19341 | K25: =SUM(K26:K37) -> 20769 | L25: =SUM(L26:L37) -> 20284 | ... AM25: =SUM(AM26:AM37) -> 0
B26: Torsk | C26: kg | D26: =SUM(E26:AI26) -> 0
B27: Hyse | C27: kg | D27: =SUM(E27:AI27) -> 0
B28: Sei N | C28: kg | D28: =SUM(E28:AI28) -> 0
B29: Sei S | C29: kg | D29: =SUM(E29:Y29) -> 0
B30: Uer rund | C30: kg | D30: =SUM(E30:AI30) -> 0
B31: Uer j/c | C31: kg | D31: =SUM(E31:AI31) -> 0
B32: Uer hoder | C32: kg | D32: =SUM(E32:AI32) -> 0
B33: Blåkveite | C33: kg | D33: =SUM(E33:AL33) -> 0
B34: Blåkveite hoder | C34: kg | D34: =SUM(E34:AI34) -> 0
B35: Reke | C35: kg | D35: =SUM(E35:AI35) -> 479504 | F35: 8190 | G35: 17598 | H35: 18165 | I35: 18354 | J35: 16716 | K35: 16359 | L35: 16464 | M35: 10395 | N35: 9723 | O35: 15374 | P35: 14175 | Q35: 11340 | R35: 8421 | S35: 5838 | T35: 8862 | U35: 16674 | V35: 16800 | W35: 22071 | X35: 14491 | Y35: 15729 | Z35: 16002 | AA35: 14469 | AB35: 21945 | AC35: 19026 | AD35: 20139 | AE35: 34860 | AF35: 25221 | AG35: 3570 | AH35: 30353 | AI35: 12180
B36: Reke kok | C36: kg | D36: =SUM(E36:AI36) -> 76063 | F36: 1505 | G36: 4603 | H36: 3732 | I36: 4103 | J36: 2625 | K36: 4410 | L36: 3820 | M36: 5068 | N36: 3255 | O36: 2514 | P36: 2651 | Q36: 4610 | R36: 1526 | S36: 1435 | T36: 2674 | U36: 3483 | V36: 529 | W36: 3314 | X36: 1216 | Y36: 3334 | Z36: 2414 | AA36: 3383 | AB36: 1785 | AC36: 2736 | AD36: 2873 | AE36: 799 | AF36: 1309 | AH36: 357
B37: Bifangst/Annet | C37: kg | D37: =SUM(E37:AI37) -> 0
B38: Koke-% reke | D38: =D36/D25 -> 0.13691058 | E38: =E36/E25 -> #DIV/0! | F38: =F36/F25 -> 0.15523466 | G38: =G36/G25 -> 0.207333 | H38: =H36/H25 -> 0.17043431 | I38: =I36/I25 -> 0.18270472 | J38: =J36/J25 -> 0.13572204 | K38: =K36/K25 -> 0.21233569 | ... AM38: =AM36/AM25 -> #DIV/0!
A40: Maskin | B40: Bunkersforbruk | C40: ltr | D40: =SUM(E40:AI40) -> 513000 | E40: 14000 | F40: 16000 | G40: 16000 | H40: 16000 | I40: 16000 | J40: 17000 | K40: 18000 | L40: 17000 | M40: 16000 | N40: 17000 | O40: 17000 | P40: 17000 | Q40: 17000 | R40: 17000 | S40: 17000 | T40: 17000 | U40: 18000 | V40: 17000 | W40: 17000 | X40: 16000 | Y40: 17000 | Z40: 17000 | AA40: 17000 | AB40: 19000 | AC40: 18000 | AD40: 16000 | AE40: 17000 | AF40: 17000 | AG40: 8000 | AH40: 17000 | AI40: 17000 | AJ40: 0 | AK40: 0 | AL40: 0 | AM40: 0
B41: Smørolje forbruk | C41: ltr | D41: =SUM(E41:AI41) -> 1900 | E41: 0 | F41: 100 | G41: 0 | H41: 200 | I41: 0 | J41: 0 | K41: 0 | L41: 200 | M41: 0 | N41: 0 | O41: 0 | P41: 200 | Q41: 0 | R41: 0 | S41: 0 | T41: 200 | U41: 100 | V41: 0 | W41: 0 | X41: 200 | Z41: 200 | AA41: 0 | AB41: 0 | AC41: 300 | AD41: 0 | AE41: 0 | AF41: 0 | AG41: 200 | AH41: 0 | AI41: 0 | AJ41: 0 | AK41: 0 | AL41: 0 | AM41: 0
A45: Fabrikk | B45: Timer uten produksjon, totalt | C45: timer | D45: =SUM(E45:AI45) -> 0 | E45: 0 | F45: 0 | G45: 0 | H45: 0 | I45: 0 | J45: 0 | K45: 0 | L45: 0 | M45: 0 | N45: 0 | O45: 0 | P45: 0 | Q45: 0 | R45: 0 | S45: 0 | T45: 0 | U45: 0 | V45: 0 | W45: 0 | X45: 0 | Y45: 0 | Z45: 0 | AA45: 0 | AB45: 0 | AC45: 0 | AD45: 0 | AE45: 0 | AF45: 0 | AG45: 0 | AH45: 0 | AI45: 0 | AJ45: 0 | AK45: 0 | AL45: 0 | AM45: 0
B46: Mangel på fisk | C46: timer | D46: =SUM(E46:AI46) -> 0 | E46: 0 | F46: 0 | G46: 0 | H46: 0 | I46: 0 | J46: 0 | K46: 0 | L46: 0 | M46: 0 | N46: 0 | O46: 0 | P46: 0 | Q46: 0 | R46: 0 | S46: 0 | T46: 0 | U46: 0 | V46: 0 | W46: 0 | X46: 0 | Y46: 0 | Z46: 0 | AA46: 0 | AB46: 0 | AC46: 0 | AD46: 0 | AE46: 0 | AF46: 0 | AG46: 0 | AH46: 0 | AI46: 0 | AJ46: 0 | AK46: 0 | AL46: 0 | AM46: 0
B47: Tekniske problem | C47: timer | D47: =SUM(E47:AI47) -> 2.5 | E47: 0 | F47: 0 | G47: 0 | H47: 0 | I47: 0 | J47: 0 | K47: 0 | L47: 0 | M47: 0 | N47: 0 | O47: 0 | P47: 2.5 | Q47: 0 | R47: 0 | S47: 0 | T47: 0 | U47: 0 | V47: 0 | W47: 0 | X47: 0 | Y47: 0 | Z47: 0 | AA47: 0 | AB47: 0 | AC47: 0 | AD47: 0 | AE47: 0 | AF47: 0 | AG47: 0 | AH47: 0 | AI47: 0 | AJ47: 0 | AK47: 0 | AL47: 0 | AM47: 0
B48: Andre årsaker | C48: timer | D48: =SUM(E48:AI48) -> 0 | E48: 0 | F48: 0 | G48: 0 | H48: 0 | I48: 0 | J48: 0 | K48: 0 | L48: 0 | M48: 0 | N48: 0 | O48: 0 | P48: 0 | Q48: 0 | R48: 0 | S48: 0 | T48: 0 | U48: 0 | V48: 0 | W48: 0 | X48: 0 | Y48: 0 | Z48: 0 | AA48: 0 | AB48: 0 | AC48: 0 | AD48: 0 | AE48: 0 | AF48: 0 | AG48: 0 | AH48: 0 | AI48: 0 | AJ48: 0 | AK48: 0 | AL48: 0 | AM48: 0
B49: Ensilasje, råstoff | C49: kg | D49: =SUM(E49:Y49) -> 0 | E49: 0 | F49: 0 | G49: 0 | H49: 0 | K49: 0 | N49: 0 | AE49: 0 | AF49: 0 | AG49: 0 | AH49: 0 | AI49: 0 | AJ49: 0 | AK49: 0 | AL49: 0 | AM49: 0
B50: Ensilasje, syreforbruk | C50: kg | D50: =SUM(E50:Y50) -> 0 | E50: 0 | F50: 0 | G50: 0 | H50: 0 | K50: 0 | N50: 0 | AD50: 0 | AE50: 0 | AF50: 0 | AG50: 0 | AH50: 0 | AI50: 0 | AJ50: 0 | AK50: 0 | AL50: 0 | AM50: 0
A52: Kommentarer* | B52: Hendelser/Avvik: | C52: (overskrift) | D52: (overskrift) | E52: (overskrift) | F52: (overskrift) | G52: (overskrift) | H52: (overskrift) | I52: (overskrift) | J52: (overskrift) | K52: (overskrift) | L52: (overskrift) | M52: (overskrift) | N52: (overskrift) | O52: (overskrift) | P52: (overskrift) | Q52: (overskrift) | R52: (overskrift) | S52: (overskrift) | T52: (overskrift) | U52: (overskrift) | V52: (overskrift) | W52: (overskrift) | X52: (overskrift) | Y52: (overskrift) | AD52: (overskrift) | AF52: (overskrift) | AG52: (overskrift) | AH52: (overskrift) | AI52: (overskrift) | AJ52: (overskrift) | AK52: (overskrift) | AL52: (overskrift) | AM52: (overskrift)
B53: HMS | C53: kommentar | D53: kommentar | E53: kommentar | F53: kommentar | G53: kommentar | H53: kommentar | I53: kommentar | J53: kommentar | K53: kommentar | L53: kommentar | M53: kommentar | N53: kommentar | O53: kommentar | P53: kommentar | Q53: kommentar | R53: kommentar | S53: kommentar | T53: kommentar | U53: kommentar | V53: kommentar | W53: kommentar | X53: kommentar | Y53: kommentar | Z53: kommentar | AA53: kommentar | AB53: kommentar | AC53: kommentar | AD53: kommentar | AE53: kommentar | AF53: kommentar | AG53: kommentar | AH53: kommentar | AI53: kommentar | AJ53: kommentar | AK53: kommentar | AL53: kommentar | AM53: kommentar
B54: Fiske | C54: kommentar | D54: kommentar | E54: kommentar | F54: kommentar | G54: kommentar | H54: kommentar | I54: kommentar | J54: kommentar | K54: kommentar | L54: kommentar | M54: kommentar | N54: kommentar | O54: kommentar | P54: kommentar | Q54: kommentar | R54: kommentar | S54: kommentar | T54: kommentar | U54: kommentar | V54: kommentar | W54: kommentar | X54: kommentar | Y54: kommentar | Z54: kommentar | AA54: kommentar | AB54: kommentar | AC54: kommentar | AD54: kommentar | AE54: kommentar | AF54: Fastkjøring | AG54: Greing av trål/sokning og bøting | AH54: kommentar | AI54: kommentar | AJ54: kommentar | AK54: kommentar | AL54: kommentar | AM54: kommentar
B55: Produksjon | C55: kommentar | D55: kommentar | E55: kommentar | F55: kommentar | G55: kommentar | H55: kommentar | I55: kommentar | J55: kommentar | K55: kommentar | L55: kommentar | M55: kommentar | N55: kommentar | O55: kommentar | P55: Feil på b¨nd v rekesoller | Q55: Sekkereke kok | T55: kommentar | V55: Feil på band. 8 timer stopp i fabrikken. Reke transportert i korger. | W55: kommentar | X55: kommentar | Y55: kommentar | AA55: kommentar | AB55: kommentar | AC55: kommentar | AD55: kommentar | AE55: Feil på koker | AF55: kommentar | AG55: kommentar | AH55: kommentar | AI55: kommentar | AJ55: kommentar | AK55: kommentar | AL55: kommentar | AM55: kommentar
B56: Drift/fartøy | C56: kommentar | D56: kommentar | E56: kommentar | F56: kommentar | G56: kommentar | H56: kommentar | I56: kommentar | J56: kommentar | K56: kommentar | L56: kommentar | M56: kommentar | N56: kommentar | O56: kommentar | P56: kommentar | Q56: kommentar | R56: kommentar | S56: kommentar | T56: kommentar | U56: kommentar | V56: kommentar | W56: kommentar | X56: kommentar | Y56: kommentar | Z56: kommentar | AA56: kommentar | AB56: kommentar | AC56: kommentar | AD56: kommentar | AE56: kommentar | AF56: kommentar | AG56: kommentar | AH56: kommentar | AI56: kommentar | AJ56: kommentar | AK56: kommentar | AL56: kommentar | AM56: kommentar
B58: Estimert fangstverdi | C58: kr | D58: =SUM(D59:D71) -> 16129691 | E58: =SUM(E59:E71) -> 0 | F58: =SUM(F59:F71) -> 284760 | G58: =SUM(G59:G71) -> 673482 | H58: =SUM(H59:H71) -> 649312.5 | I58: =SUM(I59:I71) -> 671016 | J58: =SUM(J59:J71) -> 561099 | K58: =SUM(K59:K71) -> 631963.5 | ... AM58: =SUM(AM59:AM71) -> 0
B59: Torsk | C59: 41.89 | D59: =D26*$C59 -> 0 | E59: =E26*$C59 -> 0 | F59: =F26*$C59 -> 0 | G59: =G26*$C59 -> 0 | H59: =H26*$C59 -> 0 | I59: =I26*$C59 -> 0 | J59: =J26*$C59 -> 0 | K59: =K26*$C59 -> 0 | ... AM59: =AM26*$C59 -> 0
B60: Hyse | C60: 28.98 | D60: =D27*$C60 -> 0 | E60: =E27*$C60 -> 0 | F60: =F27*$C60 -> 0 | G60: =G27*$C60 -> 0 | H60: =H27*$C60 -> 0 | I60: =I27*$C60 -> 0 | J60: =J27*$C60 -> 0 | K60: =K27*$C60 -> 0 | ... AM60: =AM27*$C60 -> 0
B61: Sei N | C61: 20.88 | D61: =D28*$C61 -> 0 | E61: =E28*$C61 -> 0 | F61: =F28*$C61 -> 0 | G61: =G28*$C61 -> 0 | H61: =H28*$C61 -> 0 | I61: =I28*$C61 -> 0 | J61: =J28*$C61 -> 0 | K61: =K28*$C61 -> 0 | ... AM61: =AM28*$C61 -> 0
B62: Sei S | C62: 15 | D62: =D29*$C62 -> 0 | E62: =E29*$C62 -> 0 | F62: =F29*$C62 -> 0 | G62: =G29*$C62 -> 0 | H62: =H29*$C62 -> 0 | I62: =I29*$C62 -> 0 | J62: =J29*$C62 -> 0 | K62: =K29*$C62 -> 0 | ... AM62: =AM29*$C62 -> 0
B63: Uer rund | C63: 6 | D63: =D30*$C63 -> 0 | E63: =E30*$C63 -> 0 | F63: =F30*$C63 -> 0 | G63: =G30*$C63 -> 0 | H63: =H30*$C63 -> 0 | I63: =I30*$C63 -> 0 | J63: =J30*$C63 -> 0 | K63: =K30*$C63 -> 0 | ... AM63: =AM30*$C63 -> 0
B64: Uer j/c | C64: 12 | E64: =E31*$C64 -> 0 | F64: =F31*$C64 -> 0 | G64: =G31*$C64 -> 0 | H64: =H31*$C64 -> 0 | I64: =I31*$C64 -> 0 | J64: =J31*$C64 -> 0 | K64: =K31*$C64 -> 0 | L64: =L31*$C64 -> 0 | ... AM64: =AM31*$C64 -> 0
B65: Uer hoder | C65: 4 | D65: =D32*$C65 -> 0 | E65: =E32*$C65 -> 0 | F65: =F32*$C65 -> 0 | G65: =G32*$C65 -> 0 | H65: =H32*$C65 -> 0 | I65: =I32*$C65 -> 0 | J65: =J32*$C65 -> 0 | K65: =K32*$C65 -> 0 | ... AM65: =AM32*$C65 -> 0
B66: Blåkveite | C66: 47.6 | D66: =D33*$C66 -> 0 | E66: =E33*$C66 -> 0 | F66: =F33*$C66 -> 0 | G66: =G33*$C66 -> 0 | H66: =H33*$C66 -> 0 | I66: =I33*$C66 -> 0 | J66: =J33*$C66 -> 0 | K66: =K33*$C66 -> 0 | ... AH66: =AH33*$C66 -> 0 | AI66: =AL33*$C66 -> 0 | AJ66: =AM33*$C66 -> 0 | AK66: =AN33*$C66 -> 0 | AL66: =AO33*$C66 -> 0 | AM66: =AP33*$C66 -> 0
B67: Blåkveite hoder | C67: 27.39 | D67: =D34*$C67 -> 0 | E67: =E34*$C67 -> 0 | F67: =F34*$C67 -> 0 | G67: =G34*$C67 -> 0 | H67: =H34*$C67 -> 0 | I67: =I34*$C67 -> 0 | J67: =J34*$C67 -> 0 | K67: =K34*$C67 -> 0 | ... AM67: =AM34*$C67 -> 0
B68: Reke | C68: 26.5 | D68: =D35*$C68 -> 12706856 | E68: =E35*$C68 -> 0 | F68: =F35*$C68 -> 217035 | G68: =G35*$C68 -> 466347 | H68: =H35*$C68 -> 481372.5 | I68: =I35*$C68 -> 486381 | J68: =J35*$C68 -> 442974 | K68: =K35*$C68 -> 433513.5 | ... AM68: =AM35*$C68 -> 0
B69: Reke kok | C69: 45 | D69: =D36*$C69 -> 3422835 | E69: =E36*$C69 -> 0 | F69: =F36*$C69 -> 67725 | G69: =G36*$C69 -> 207135 | H69: =H36*$C69 -> 167940 | I69: =I36*$C69 -> 184635 | J69: =J36*$C69 -> 118125 | K69: =K36*$C69 -> 198450 | ... AM69: =AM36*$C69 -> 0
B70: Bifangst/Annet | C70: 8 | D70: =D37*$C70 -> 0 | E70: =E37*$C70 -> 0 | F70: =F37*$C70 -> 0 | G70: =G37*$C70 -> 0 | H70: =H37*$C70 -> 0 | I70: =I37*$C70 -> 0 | J70: =J37*$C70 -> 0 | K70: =K37*$C70 -> 0 | ... AM70: =AM37*$C70 -> 0
B71: Ensilasje | C71: 2.2 | D71: =D49*C71 -> 0 | E71: =E49*D71 -> 0 | F71: =F49*E71 -> 0 | G71: =G49*F71 -> 0 | H71: =H49*G71 -> 0 | I71: =I49*H71 -> 0 | J71: =J49*I71 -> 0 | K71: =K49*J71 -> 0 | ... AM71: =AM49*AL71 -> 0
B73: Snittinntekt pr dag | D73: =AVERAGEIF(E58:Y58, ">0") -> 509219.92
B75: Lott/hyre | C75: 0.3 | D75: =SUM(E75:AI75) -> 4838907.3 | E75: =E58*$C$75 -> 0 | F75: =F58*$C$75 -> 85428 | G75: =G58*$C$75 -> 202044.6 | H75: =H58*$C$75 -> 194793.75 | I75: =I58*$C$75 -> 201304.8 | J75: =J58*$C$75 -> 168329.7 | K75: =K58*$C$75 -> 189589.05 | L75: =L58*$C$75 -> 182458.8 | ... AM75: =AM58*$C$75 -> 0
B76: Est. vedlikehold pr dag | C76: =10800000/325 -> 33230.769 | D76: =SUM(E76:AI76) -> 1030153.8 | E76: =$C$76 -> 33230.769 | F76: =$C$76 -> 33230.769 | G76: =$C$76 -> 33230.769 | H76: =$C$76 -> 33230.769 | I76: =$C$76 -> 33230.769 | J76: =$C$76 -> 33230.769 | K76: =$C$76 -> 33230.769 | L76: =$C$76 -> 33230.769 | ... AK76: =$C$76 -> 33230.769 | AL76: 0 | AM76: 0
B77: Est. "andre kostnader" pr dag | C77: 46071 | D77: =SUM(E77:AI77) -> 1428201 | E77: =$C$77 -> 46071 | F77: =$C$77 -> 46071 | G77: =$C$77 -> 46071 | H77: =$C$77 -> 46071 | I77: =$C$77 -> 46071 | J77: =$C$77 -> 46071 | K77: =$C$77 -> 46071 | L77: =$C$77 -> 46071 | ... AK77: =$C$77 -> 46071 | AL77: 0 | AM77: 0
B78: Bunkers | C78: 9.6 | D78: =SUM(E78:AI78) -> 4924800 | E78: =$C$78*E40 -> 134400 | F78: =$C$78*F40 -> 153600 | G78: =$C$78*G40 -> 153600 | H78: =$C$78*H40 -> 153600 | I78: =$C$78*I40 -> 153600 | J78: =$C$78*J40 -> 163200 | K78: =$C$78*K40 -> 172800 | L78: =$C$78*L40 -> 163200 | ... AM78: =$C$78*AM40 -> 0
B79: EBITDA | C79: =SUM(E79:AI79) -> 3907628.9 | D79: =D58-D75-D76-D77-D78 -> 3907628.9 | E79: =E58-E75-E76-E77-E78 -> -213701.77 | F79: =F58-F75-F76-F77-F78 -> -33569.769 | G79: =G58-G75-G76-G77-G78 -> 238535.63 | H79: =H58-H75-H76-H77-H78 -> 221616.98 | I79: =I58-I75-I76-I77-I78 -> 236809.43 | J79: =J58-J75-J76-J77-J78 -> 150267.53 | K79: =K58-K75-K76-K77-K78 -> 190272.68 | ... AM79: =AM58-AM75-AM76-AM77-AM78 -> 0
B80: Akkumulert | E80: =E79 -> -213701.77 | F80: =F79+E80 -> -247271.54 | G80: =G79+F80 -> -8735.9077 | H80: =H79+G80 -> 212881.07 | I80: =I79+H80 -> 449690.5 | J80: =J79+I80 -> 599958.03 | K80: =K79+J80 -> 790230.72 | L80: =L79+K80 -> 973466.15 | M80: =M79+L80 -> 1093033.6 | ... AM80: =AM79+AL80 -> 3749025.3
B83: Bunkers pr kg produkt | C83: =D40/D25 -> 0.92338098
G86: Snittpriser 14/02/22 - 20/02/22
G87: NR hovedarter | H87: Størrelse | I87: Tilstand | J87: Kvalitet | K87: Kvantum | L87: Snittpris | M87: Vektet
G88: Torsk | H88: ikke oppgitt | I88: rogn | J88: a | K88: 2608 | L88: 38.23
G89: Torsk | H89: -1,0 kg | I89: sløyd u/hode | J89: a | K89: 85647 | L89: 34.91 | M89: 1.7935076
G90: Torsk | H90: 1,0-2,5 kg | I90: sløyd u/hode | J90: a | K90: 742226 | L90: 39.05 | M90: 17.38595
G91: Torsk | H91: 2,5-6,0 kg | I91: sløyd u/hode | J91: a | K91: 587570 | L91: 45.15 | M91: 15.913239
G92: Torsk | H92: 2,5+ kg | I92: sløyd u/hode | J92: a | K92: 80371 | L92: 35.58 | M92: 1.7153254
G93: Torsk | H93: 6,0+ kg | I93: sløyd u/hode | J93: a | K93: 168667 | L93: 50.23 | M93: 5.0819983
K94: 1667089 | M94: 41.89002
G96: Hyse | H96: -0,8 kg | I96: sløyd u/hode | J96: a | K96: 77875 | L96: 26.49 | M96: 8.538883
G97: Hyse | H97: 0,8+ kg | I97: sløyd u/hode | J97: a | K97: 163715 | L97: 30.17 | M97: 20.444892
K98: 241590 | M98: 28.983775
G100: Sei | H100: -1,2 kg | I100: sløyd u/hode | J100: a | K100: 64834 | L100: 18.75 | M100: 3.117347
G101: Sei | H101: 1,2-2,3 kg | I101: sløyd u/hode | J101: a | K101: 305804 | L101: 21.25 | M101: 16.664149
G102: Sei | H102: 2,3+ kg | I102: sløyd u/hode | J102: a | K102: 19321 | L102: 22.25 | M102: 1.1024037
K103: 389959 | M103: 20.8839

Sheet Tur 5 2022
B2: Navn | C2: "Breidtind"
B3: Turnr | C3: 5
B4: Tur start | C4: 44693
B5: Tur slutt | C5: 44726
B7: Aktivitet | D7: Totalt | E7: 44726 | F7: =E7+1 -> 44727 | G7: =F7+1 -> 44728 | H7: =G7+1 -> 44729 | I7: =H7+1 -> 44730 | J7: =I7+1 -> 44731 | K7: =J7+1 -> 44732 | L7: =K7+1 -> 44733 | M7: =L7+1 -> 44734 | ... AP7: =AO7+1 -> 44763
B8: Fiske | C8: timer | D8: =SUM(E8:AI8) -> 564 | E8: 0 | F8: 0 | G8: 0 | H8: 18 | I8: 17 | J8: 18 | K8: 24 | L8: 22 | M8: 24 | N8: 24 | O8: 24 | P8: 24 | Q8: 24 | R8: 16 | S8: 24 | T8: 24 | U8: 22 | V8: 16 | W8: 24 | X8: 24 | Y8: 17 | Z8: 24 | AA8: 21 | AB8: 17 | AC8: 24 | AD8: 24 | AE8: 9 | AF8: 0 | AG8: 11 | AH8: 24 | AI8: 24 | AJ8: 19 | AK8: 9 | AL8: 24 | AM8: 24 | AN8: 6 | AO8: 0 | AP8: 0
B9: Seiling | C9: timer | D9: =SUM(E9:AI9) -> 109 | E9: 0 | F9: 0 | G9: 13 | H9: 6 | I9: 7 | J9: 6 | K9: 0 | L9: 2 | M9: 0 | N9: 0 | O9: 0 | Q9: 0 | R9: 8 | S9: 0 | T9: 0 | U9: 2 | V9: 8 | W9: 0 | X9: 0 | Y9: 7 | Z9: 0 | AA9: 3 | AB9: 5 | AC9: 0 | AD9: 0 | AE9: 15 | AF9: 14 | AG9: 13 | AH9: 0 | AI9: 0 | AJ9: 5 | AK9: 15 | AL9: 0 | AM9: 0 | AN9: 0 | AO9: 0 | AP9: 0
B10: Teknisk (feil, problem) | C10: timer | D10: =SUM(E10:AI10) -> 0 | E10: 0 | F10: 0 | G10: 0 | H10: 0 | I10: 0 | J10: 0 | K10: 0 | L10: 0 | M10: 0 | N10: 0 | O10: 0 | P10: 0 | Q10: 0 | R10: 0 | S10: 0 | T10: 0 | U10: 0 | V10: 0 | W10: 0 | X10: 0 | Y10: 0 | Z10: 0 | AA10: 0 | AB10: 0 | AC10: 0 | AD10: 0 | AE10: 0 | AF10: 0 | AG10: 0 | AH10: 0 | AI10: 0 | AJ10: 0 | AK10: 0 | AL10: 0 | AM10: 0 | AN10: 0 | AO10: 0 | AP10: 0
B11: Vasking | C11: timer | D11: =SUM(E11:AI11) -> 0 | E11: 0 | F11: 0 | G11: 0 | H11: 0 | I11: 0 | J11: 0 | K11: 0 | L11: 0 | M11: 0 | N11: 0 | O11: 0 | P11: 0 | Q11: 0 | R11: 0 | S11: 0 | T11: 0 | U11: 0 | V11: 0 | W11: 0 | X11: 0 | Y11: 0 | Z11: 0 | AA11: 0 | AB11: 0 | AC11: 0 | AD11: 0 | AE11: 0 | AF11: 0 | AG11: 0 | AH11: 0 | AI11: 0 | AJ11: 0 | AK11: 0 | AL11: 0 | AM11: 0 | AN11: 18 | AO11: 24 | AP11: 0
B12: Lossing | C12: timer | D12: =SUM(E12:AI12) -> 10 | E12: 0 | F12: 0 | G12: 0 | H12: 0 | I12: 0 | J12: 0 | K12: 0 | L12: 0 | M12: 0 | N12: 0 | O12: 0 | P12: 0 | Q12: 0 | R12: 0 | S12: 0 | T12: 0 | U12: 0 | V12: 0 | W12: 0 | X12: 0 | Y12: 0 | Z12: 0 | AA12: 0 | AB12: 0 | AC12: 0 | AD12: 0 | AE12: 0 | AF12: 10 | AG12: 0 | AH12: 0 | AI12: 0 | AJ12: 0 | AK12: 0 | AL12: 0 | AM12: 0 | AN12: 0 | AO12: 0 | AP12: 0
B13: Bunkring | C13: timer | D13: =SUM(E13:AI13) -> 5 | E13: 0 | F13: 0 | G13: 5 | H13: 0 | I13: 0 | J13: 0 | K13: 0 | L13: 0 | M13: 0 | N13: 0 | O13: 0 | P13: 0 | Q13: 0 | R13: 0 | S13: 0 | T13: 0 | U13: 0 | V13: 0 | W13: 0 | X13: 0 | Y13: 0 | Z13: 0 | AA13: 0 | AB13: 0 | AC13: 0 | AD13: 0 | AE13: 0 | AF13: 0 | AG13: 0 | AH13: 0 | AI13: 0 | AJ13: 0 | AK13: 0 | AL13: 0 | AM13: 0 | AN13: 0 | AO13: 0 | AP13: 0
B14: Annet | C14: timer | D14: =SUM(E14:AI14) -> 54 | E14: 24 | F14: 24 | G14: 6 | H14: 0 | I14: 0 | J14: 0 | K14: 0 | L14: 0 | M14: 0 | N14: 0 | O14: 0 | P14: 0 | Q14: 0 | R14: 0 | S14: 0 | T14: 0 | U14: 0 | V14: 0 | W14: 0 | X14: 0 | Y14: 0 | Z14: 0 | AA14: 0 | AB14: 0 | AC14: 0 | AD14: 0 | AE14: 0 | AF14: 0 | AH14: 0 | AI14: 0 | AJ14: 0 | AK14: 0 | AL14: 0 | AM14: 0 | AN14: 0 | AO14: 0 | AP14: 0
B15: SUM | C15: timer | D15: =SUM(E15:AI15) -> 742 | E15: =SUM(E8:E14) -> 24 | F15: =SUM(F8:F14) -> 24 | G15: =SUM(G8:G14) -> 24 | H15: =SUM(H8:H14) -> 24 | I15: =SUM(I8:I14) -> 24 | J15: =SUM(J8:J14) -> 24 | K15: =SUM(K8:K14) -> 24 | L15: =SUM(L8:L14) -> 24 | ... AP15: =SUM(AP8:AP14) -> 0
B17: Felt/område | C17: Navn | D17: =SUM(E17:AI17) -> 0 | E17: 0 | F17: 0 | G17: 0 | H17: 0 | I17: Teisten | J17: teisten | K17: tromsøflaket | L17: tromsøflaket | M17: Tromsøflaket | N17: tromsøflaket | O17: tromsøflaket | P17: tromsøflaket | Q17: Tromsøflaket | R17: Tromsøflaket | S17: Bjørnøya | T17: Bjørnøya | U17: bjørnøya | V17: sørbakken | W17: tromsøflaket | X17: tromsøflaket | Y17: Tromsøflaket | Z17: gardar | AA17: Gardarbanken | AB17: Sørbakken | AC17: sørbakken | AD17: sørbakken | AE17: sørbakken | AF17: 0 | AG17: sørbakken | AH17: sørbakken | AI17: sørbakken | AJ17: Fingerdypet | AK17: gardar | AL17: nygrunnen | AM17: nygrunnen
B18: Tauetimer | C18: Timer | D18: =SUM(E18:AI18) -> 179 | F18: 0 | G18: 0 | H18: 11,5 | I18: 10,5 | J18: 15 | K18: 18,5 | L18: 18 | M18: 13,5 | N18: 8 | O18: 16 | P18: 18,5 | Q18: 5,5 | R18: 16,5 | S18: 9 | T18: 14,5 | U18: 19 | V18: 13,5 | W18: 17 | X18: 13,5 | Y18: 15,5 | Z18: 12,5 | AA18: 17 | AB18: 10 | AC18: 12 | AD18: 17,5 | AE18: 9 | AF18: 0 | AG18: 4,5 | AH18: 13 | AI18: 16 | AJ18: 16 | AK18: 4,5 | AL18: 13 | AM18: 11
B19: Hal | C19: Antall | D19: =SUM(E19:AI19) -> 83 | F19: 0 | G19: 0 | H19: 2 | I19: 3 | J19: 3 | K19: 3 | L19: 3 | M19: 3 | N19: 2 | O19: 3 | P19: 4 | Q19: 2 | R19: 3 | S19: 3 | T19: 4 | U19: 4 | V19: 4 | W19: 4 | X19: 3 | Y19: 3 | Z19: 3 | AA19: 4 | AB19: 3 | AC19: 3 | AD19: 4 | AE19: 2 | AF19: 0 | AG19: 2 | AH19: 3 | AI19: 3 | AJ19: 3 | AK19: 3 | AL19: 3 | AM19: 4
B20: Bruk (630/550) (eks 2xAlfredo) | C20: Type x antall | D20: =SUM(E20:AI20) -> 1.5238095 | F20: 0 | G20: 0 | H20: 960 atlantic | I20: 2*630 | J20: 960 atlantic | K20: 960 atlantic | L20: 630*2 | M20: 630*2 | N20: 630*2 | O20: 960 atlantic | P20: 960 atlantic | Q20: 630*2 | R20: 630*2 | S20: 630*2 | T20: 630*2 | U20: 630*2 | V20: 630*2 | W20: 960 atlantic | X20: 960 atlantic | Y20: 1.5238095 | Z20: 630*2 | AA20: 630*2 | AB20: 630*2 | AC20: 630*2 | AD20: 63*2 | AE20: 630*2 | AF20: 0 | AG20: 630*2/atlantic 960 | AH20: 960 atlantic | AI20: 630*2 | AJ20: 630*2 | AK20: 630*2 | AL20: 63*2 | AM20: 630*2
B21: Sjøtemperatur | C21: Grader | I21: 8 | J21: 8 | K21: 6 | L21: 7 | M21: 7 | N21: 7 | O21: 8 | P21: 8 | Q21: 8 | R21: 8 | S21: 3 | T21: 4 | U21: 5 | V21: 8 | W21: 8 | X21: 9 | Y21: 7 | Z21: 6 | AA21: 6 | AB21: 9 | AC21: 9 | AD21: 9 | AE21: 9 | AG21: 8 | AH21: 10 | AI21: 9 | AK21: 8 | AL21: 8 | AM21: 8 | AN21: 8
B23: Fangst pr tauetime kg | C23: =D25/D18 -> 5959.7486
A25: efangst | B25: Fangst total(produktvekt) | C25: (autosummering) | D25: =SUM(E25:AP25) -> 1066795 | E25: =SUM(E26:E37) -> 0 | F25: =SUM(F26:F37) -> 0 | G25: =SUM(G26:G37) -> 0 | H25: =SUM(H26:H37) -> 3768 | I25: =SUM(I26:I37) -> 16024 | J25: =SUM(J26:J37) -> 31223 | K25: =SUM(K26:K37) -> 34854 | L25: =SUM(L26:L37) -> 30948 | ... AP25: =SUM(AP26:AP37) -> 0
B26: Torsk | C26: kg | D26: =SUM(E26:AP26) -> 175349 | I26: 138 | J26: 276 | M26: 733 | N26: 1058 | P26: 549 | Q26: 779 | R26: 8830 | S26: 22124 | T26: 18027 | U26: 20533 | V26: 1698 | Y26: 9565 | Z26: 49065 | AA26: 27719 | AB26: 959 | AC26: 2517 | AD26: 2065 | AE26: 688 | AG26: 320 | AI26: 1367 | AJ26: 2150 | AK26: 2801 | AL26: 498 | AM26: 890
B27: Hyse | C27: kg | D27: =SUM(E27:AP27) -> 67712 | H27: 48 | I27: 46 | J27: 230 | N27: 48 | R27: 5060 | S27: 11408 | T27: 33040 | U27: 9630 | V27: 46 | Y27: 920 | Z27: 4282 | AA27: 2538 | AD27: 48 | AK27: 368
B28: Sei N | C28: kg | D28: =SUM(E28:AP28) -> 192332 | I28: 14401 | J28: 27500 | U28: 543 | AK28: 36754 | AL28: 41156 | AM28: 71978
B29: Sei S | C29: kg | D29: =SUM(E29:AP29) -> 0
B30: Uer rund | C30: kg | D30: =SUM(E30:AP30) -> 4348 | AK30: 4348
B31: Uer j/c | C31: kg | D31: =SUM(E31:AP31) -> 472692 | H31: 1980 | I31: 380 | K31: 22110 | L31: 19140 | M31: 38207 | N31: 29713 | O31: 22885 | P31: 28566 | Q31: 22747 | R31: 18285 | V31: 14375 | W31: 30406 | X31: 37858 | Y31: 17457 | AB31: 30337 | AC31: 20194 | AD31: 12627 | AE31: 8280 | AG31: 20539 | AH31: 41462 | AI31: 28727 | AJ31: 6417
B32: Uer hoder | C32: kg | D32: =SUM(E32:AP32) -> 119468 | H32: 1740 | I32: 440 | K32: 12744 | L32: 11808 | N32: 828 | O32: 10152 | P32: 13482 | Q32: 1332 | R32: 12420 | V32: 9990 | W32: 11466 | X32: 12492 | Y32: 5526 | AB32: 5292 | AG32: 3888 | AH32: 4716 | AI32: 1152
B33: Blåkveite | C33: kg | D33: =SUM(E33:AP33) -> 18150 | M33: 858 | N33: 1100 | P33: 704 | Q33: 1760 | V33: 418 | AB33: 1056 | AC33: 2266 | AD33: 2112 | AE33: 1320 | AG33: 2134 | AI33: 3344 | AJ33: 1078
B34: Blåkveite hoder | C34: kg | D34: =SUM(E34:AP34) -> 0
B35: Reke | C35: kg | D35: =SUM(E35:AP35) -> 0
B36: Reke kok | C36: kg | D36: =SUM(E36:AP36) -> 0
B37: Bifangst/Annet | C37: kg | D37: =SUM(E37:AP37) -> 16744 | I37: 619 | J37: 3217 | S37: 315 | T37: 1585 | U37: 3125 | V37: 190 | Y37: 195 | Z37: 1550 | AA37: 2150 | AC37: 50 | AJ37: 900 | AK37: 1263 | AL37: 820 | AM37: 765
B38: Koke-% reke | D38: =D36/D25 -> 0 | E38: =E36/E25 -> #DIV/0! | F38: =F36/F25 -> #DIV/0! | G38: =G36/G25 -> #DIV/0! | H38: =H36/H25 -> 0 | I38: =I36/I25 -> 0 | J38: =J36/J25 -> 0 | K38: =K36/K25 -> 0 | ... AP38: =AP36/AP25 -> #DIV/0!
A40: Maskin | B40: Bunkersforbruk | C40: ltr | D40: =SUM(E40:AI40) -> 332000 | E40: 3000 | F40: 1000 | G40: 7000 | H40: 10000 | I40: 13000 | J40: 16000 | K40: 9000 | L40: 9000 | M40: 10000 | N40: 10000 | O40: 9000 | P40: 9000 | Q40: 10000 | R40: 13000 | S40: 14000 | T40: 14000 | U40: 15000 | V40: 14000 | W40: 10000 | X40: 9000 | Y40: 13000 | Z40: 11000 | AA40: 14000 | AB40: 14000 | AC40: 11000 | AD40: 11000 | AE40: 12000 | AF40: 8000 | AG40: 14000 | AH40: 8000 | AI40: 11000 | AJ40: 13000 | AK40: 16000 | AL40: 13000 | AM40: 13000 | AN40: 7000 | AO40: 5000 | AP40: 0
B41: Smørolje forbruk | C41: ltr | D41: =SUM(E41:AI41) -> 1300 | E41: 0 | G41: 0 | H41: 300 | I41: 0 | J41: 0 | K41: 0 | L41: 300 | M41: 0 | N41: 0 | O41: 0 | Q41: 0 | R41: 0 | S41: 0 | V41: 0 | W41: 0 | X41: 200 | AA41: 300 | AB41: 0 | AD41: 0 | AE41: 0 | AF41: 0 | AH41: 200 | AI41: 0 | AJ41: 0 | AK41: 0 | AL41: 0 | AM41: 0 | AN41: 0 | AO41: 200 | AP41: 0
A45: Fabrikk | B45: Timer uten produksjon, totalt | C45: timer | D45: =SUM(E45:AI45) -> 4 | E45: 0 | F45: 0 | G45: 0 | H45: 0 | I45: 0 | J45: 0 | K45: 4 | L45: 0 | M45: 0 | N45: 0 | O45: 0 | P45: 0 | Q45: 0 | R45: 0 | S45: 0 | T45: 0 | U45: 0 | V45: 0 | W45: 0 | X45: 0 | Y45: 0 | Z45: 0 | AA45: 0 | AB45: 0 | AC45: 0 | AD45: 0 | AE45: 0 | AF45: 0 | AG45: 0 | AH45: 0 | AI45: 0 | AJ45: 0 | AK45: 0 | AL45: 0 | AM45: 0 | AN45: 0 | AO45: 0 | AP45: 0
B46: Mangel på fisk | C46: timer | D46: =SUM(E46:AI46) -> 0 | E46: 0 | F46: 0 | G46: 0 | H46: 0 | I46: 0 | J46: 0 | K46: 0 | L46: 0 | M46: 0 | N46: 0 | O46: 0 | P46: 0 | Q46: 0 | R46: 0 | S46: 0 | T46: 0 | U46: 0 | V46: 0 | W46: 0 | X46: 0 | Y46: 0 | Z46: 0 | AA46: 0 | AB46: 0 | AC46: 0 | AD46: 0 | AE46: 0 | AF46: 0 | AG46: 0 | AH46: 0 | AI46: 0 | AJ46: 0 | AK46: 0 | AL46: 0 | AM46: 0 | AN46: 0 | AO46: 0 | AP46: 0
B47: Tekniske problem | C47: timer | D47: =SUM(E47:AI47) -> 4 | E47: 0 | F47: 0 | G47: 0 | H47: 0 | I47: 0 | J47: 0 | K47: 4 | L47: 0 | M47: 0 | N47: 0 | O47: 0 | Q47: 0 | R47: 0 | S47: 0 | T47: 0 | U47: 0 | V47: 0 | W47: 0 | X47: 0 | Y47: 0 | Z47: 0 | AA47: 0 | AB47: 0 | AC47: 0 | AD47: 0 | AE47: 0 | AF47: 0 | AG47: 0 | AH47: 0 | AI47: 0 | AJ47: 0 | AK47: 0 | AL47: 0 | AM47: 0 | AN47: 0 | AO47: 0 | AP47: 0
B48: Andre årsaker | C48: timer | D48: =SUM(E48:AI48) -> 0 | E48: 0 | F48: 0 | G48: 0 | H48: 0 | I48: 0 | J48: 0 | K48: 0 | L48: 0 | M48: 0 | N48: 0 | O48: 0 | P48: 0 | Q48: 0 | R48: 0 | S48: 0 | T48: 0 | U48: 0 | V48: 0 | W48: 0 | X48: 0 | Y48: 0 | Z48: 0 | AA48: 0 | AB48: 0 | AC48: 0 | AD48: 0 | AE48: 0 | AF48: 0 | AG48: 0 | AH48: 0 | AI48: 0 | AJ48: 0 | AK48: 0 | AL48: 0 | AM48: 0 | AN48: 0 | AO48: 0 | AP48: 0
B49: Ensilasje, råstoff | C49: kg | D49: =SUM(E49:Y49) -> 167000 | E49: 0 | F49: 0 | G49: 0 | H49: 0 | I49: 4000 | J49: 6000 | K49: 8000 | L49: 6000 | M49: 10000 | N49: 8000 | O49: 0 | P49: 15000 | Q49: 8000 | R49: 23000 | S49: 30000 | T49: 30000 | U49: 6000 | W49: 5000 | X49: 5000 | Y49: 3000 | Z49: 27000 | AA49: 20000 | AB49: 0 | AE49: 0 | AF49: 0 | AG49: 0 | AH49: 0 | AI49: 0 | AJ49: 0 | AK49: 22000 | AL49: 20000 | AM49: 30000 | AN49: 0 | AO49: 0 | AP49: 0
B50: Ensilasje, syreforbruk | C50: kg | D50: =SUM(E50:Y50) -> 0 | E50: 0 | F50: 0 | G50: 0 | H50: 0 | N50: 0 | AD50: 0 | AE50: 0 | AF50: 0 | AG50: 0 | AH50: 0 | AI50: 0 | AJ50: 0 | AK50: 0 | AL50: 0 | AM50: 0 | AN50: 0 | AO50: 0 | AP50: 0
A52: Kommentarer* | B52: Hendelser/Avvik: | C52: (overskrift) | D52: (overskrift) | E52: (overskrift) | F52: (overskrift) | G52: (overskrift) | H52: (overskrift) | I52: (overskrift) | J52: (overskrift) | K52: (overskrift) | L52: (overskrift) | M52: (overskrift) | N52: (overskrift) | O52: (overskrift) | P52: (overskrift) | Q52: (overskrift) | R52: (overskrift) | S52: (overskrift) | T52: (overskrift) | U52: (overskrift) | V52: (overskrift) | W52: (overskrift) | X52: (overskrift) | Y52: (overskrift) | AD52: (overskrift) | AF52: (overskrift) | AG52: (overskrift) | AH52: (overskrift) | AI52: (overskrift) | AJ52: (overskrift) | AK52: (overskrift) | AL52: (overskrift) | AM52: (overskrift) | AN52: (overskrift) | AO52: (overskrift) | AP52: (overskrift)
B53: HMS | C53: kommentar | D53: kommentar | E53: kommentar | F53: kommentar | G53: kommentar | H53: kommentar | I53: kommentar | J53: kommentar | K53: kommentar | L53: kommentar | M53: kommentar | N53: kommentar | O53: kommentar | P53: kommentar | Q53: kommentar | R53: kommentar | S53: kommentar | T53: kommentar | U53: kommentar | V53: kommentar | W53: kommentar | X53: kommentar | Y53: kommentar | Z53: kommentar | AA53: kommentar | AB53: kommentar | AC53: kommentar | AD53: kommentar | AE53: kommentar | AF53: kommentar | AG53: kommentar | AH53: kommentar | AI53: kommentar | AJ53: kommentar | AK53: kommentar | AL53: kommentar | AM53: kommentar | AN53: kommentar | AO53: kommentar | AP53: kommentar
B54: Fiske | C54: kommentar | D54: kommentar | E54: kommentar | F54: kommentar | G54: kommentar | H54: kommentar | I54: kommentar | J54: kommentar | K54: kommentar | L54: kommentar | M54: kommentar | N54: kommentar | O54: kommentar | P54: kommentar | Q54: kommentar | R54: kommentar | S54: kommentar | T54: kommentar | U54: kommentar | V54: kommentar | W54: kommentar | X54: kommentar | Y54: kommentar | Z54: kommentar | AA54: kommentar | AB54: kommentar | AC54: kommentar | AD54: kommentar | AE54: kommentar | AH54: kommentar | AI54: kommentar | AJ54: kommentar | AK54: kommentar | AL54: kommentar | AM54: kommentar | AN54: kommentar | AO54: kommentar | AP54: kommentar
B55: Produksjon | C55: kommentar | D55: kommentar | E55: kommentar | F55: kommentar | G55: kommentar | H55: kommentar | I55: kommentar | J55: kommentar | K55: kommentar | L55: kommentar | M55: kommentar | N55: kommentar | O55: kommentar | T55: kommentar | W55: kommentar | X55: kommentar | Y55: kommentar | AA55: kommentar | AB55: kommentar | AC55: kommentar | AD55: kommentar | AF55: kommentar | AG55: kommentar | AH55: kommentar | AI55: kommentar | AJ55: kommentar | AK55: kommentar | AL55: kommentar | AM55: kommentar | AN55: kommentar | AO55: kommentar | AP55: kommentar
B56: Drift/fartøy | C56: kommentar | D56: kommentar | E56: kommentar | F56: kommentar | G56: kommentar | H56: kommentar | I56: kommentar | J56: kommentar | K56: kommentar | L56: kommentar | M56: kommentar | N56: kommentar | O56: kommentar | P56: kommentar | Q56: kommentar | R56: kommentar | S56: kommentar | T56: kommentar | U56: kommentar | V56: kommentar | W56: kommentar | X56: kommentar | Y56: kommentar | Z56: kommentar | AA56: kommentar | AB56: kommentar | AC56: kommentar | AD56: kommentar | AE56: kommentar | AF56: kommentar | AG56: kommentar | AH56: kommentar | AI56: kommentar | AJ56: kommentar | AK56: kommentar | AL56: kommentar | AM56: kommentar | AN56: kommentar | AO56: kommentar | AP56: kommentar
B58: Estimert fangstverdi | C58: kr | D58: =SUM(D59:D71) -> 26381910 | E58: =SUM(E59:E71) -> 0 | F58: =SUM(F59:F71) -> 0 | G58: =SUM(G59:G71) -> 0 | H58: =SUM(H59:H71) -> 56460 | I58: =SUM(I59:I71) -> 325544.88 | J58: =SUM(J59:J71) -> 620636 | K58: =SUM(K59:K71) -> 547530 | ... AP58: =SUM(AP59:AP71) -> 0
B59: Torsk | C59: 50 | D59: =D26*$C59 -> 8767450 | E59: =E26*$C59 -> 0 | F59: =F26*$C59 -> 0 | G59: =G26*$C59 -> 0 | H59: =H26*$C59 -> 0 | I59: =I26*$C59 -> 6900 | J59: =J26*$C59 -> 13800 | K59: =K26*$C59 -> 0 | ... AP59: =AP26*$C59 -> 0
B60: Hyse | C60: 30 | D60: =D27*$C60 -> 2031360 | E60: =E27*$C60 -> 0 | F60: =F27*$C60 -> 0 | G60: =G27*$C60 -> 0 | H60: =H27*$C60 -> 1440 | I60: =I27*$C60 -> 1380 | J60: =J27*$C60 -> 6900 | K60: =K27*$C60 -> 0 | ... AP60: =AP27*$C60 -> 0
B61: Sei N | C61: 20.88 | D61: =D28*$C61 -> 4015892.2 | E61: =E28*$C61 -> 0 | F61: =F28*$C61 -> 0 | G61: =G28*$C61 -> 0 | H61: =H28*$C61 -> 0 | I61: =I28*$C61 -> 300692.88 | J61: =J28*$C61 -> 574200 | K61: =K28*$C61 -> 0 | ... AP61: =AP28*$C61 -> 0
B62: Sei S | C62: 15 | D62: =D29*$C62 -> 0 | E62: =E29*$C62 -> 0 | F62: =F29*$C62 -> 0 | G62: =G29*$C62 -> 0 | H62: =H29*$C62 -> 0 | I62: =I29*$C62 -> 0 | J62: =J29*$C62 -> 0 | K62: =K29*$C62 -> 0 | ... AP62: =AP29*$C62 -> 0
B63: Uer rund | C63: 6 | D63: =D30*$C63 -> 26088 | E63: =E30*$C63 -> 0 | F63: =F30*$C63 -> 0 | G63: =G30*$C63 -> 0 | H63: =H30*$C63 -> 0 | I63: =I30*$C63 -> 0 | J63: =J30*$C63 -> 0 | K63: =K30*$C63 -> 0 | ... AP63: =AP30*$C63 -> 0
B64: Uer j/c | C64: 19 | D64: =D31*$C64 -> 8981148 | E64: =E31*$C64 -> 0 | F64: =F31*$C64 -> 0 | G64: =G31*$C64 -> 0 | H64: =H31*$C64 -> 37620 | I64: =I31*$C64 -> 7220 | J64: =J31*$C64 -> 0 | K64: =K31*$C64 -> 420090 | ... AP64: =AP31*$C64 -> 0
B65: Uer hoder | C65: 10 | D65: =D32*$C65 -> 1194680 | E65: =E32*$C65 -> 0 | F65: =F32*$C65 -> 0 | G65: =G32*$C65 -> 0 | H65: =H32*$C65 -> 17400 | I65: =I32*$C65 -> 4400 | J65: =J32*$C65 -> 0 | K65: =K32*$C65 -> 127440 | ... AP65: =AP32*$C65 -> 0
B66: Blåkveite | C66: 47.6 | D66: =D33*$C66 -> 863940 | E66: =E33*$C66 -> 0 | F66: =F33*$C66 -> 0 | G66: =G33*$C66 -> 0 | H66: =H33*$C66 -> 0 | I66: =I33*$C66 -> 0 | J66: =J33*$C66 -> 0 | K66: =K33*$C66 -> 0 | ... AH66: =AH33*$C66 -> 0 | AI66: =AL33*$C66 -> 0 | AJ66: =AM33*$C66 -> 0 | AK66: =AN33*$C66 -> 0 | AL66: =AO33*$C66 -> 0 | AM66: =AP33*$C66 -> 0 | AN66: =AQ33*$C66 -> 0 | AO66: =AR33*$C66 -> 0 | AP66: =AS33*$C66 -> 0
B67: Blåkveite hoder | C67: 27.39 | D67: =D34*$C67 -> 0 | E67: =E34*$C67 -> 0 | F67: =F34*$C67 -> 0 | G67: =G34*$C67 -> 0 | H67: =H34*$C67 -> 0 | I67: =I34*$C67 -> 0 | J67: =J34*$C67 -> 0 | K67: =K34*$C67 -> 0 | ... AK67: =AK34*$C67 -> 0 | AL67: =AP34*$C67 -> 0 | AM67: =AO34*$C67 -> 0 | AN67: =AP34*$C67 -> 0 | AO67: =AQ34*$C67 -> 0 | AP67: =AR34*$C67 -> 0
B68: Reke | C68: 26 | D68: =D35*$C68 -> 0 | E68: =E35*$C68 -> 0 | F68: =F35*$C68 -> 0 | G68: =G35*$C68 -> 0 | H68: =H35*$C68 -> 0 | I68: =I35*$C68 -> 0 | J68: =J35*$C68 -> 0 | K68: =K35*$C68 -> 0 | ... AP68: =AP35*$C68 -> 0
B69: Reke kok | C69: 48 | D69: =D36*$C69 -> 0 | E69: =E36*$C69 -> 0 | F69: =F36*$C69 -> 0 | G69: =G36*$C69 -> 0 | H69: =H36*$C69 -> 0 | I69: =I36*$C69 -> 0 | J69: =J36*$C69 -> 0 | K69: =K36*$C69 -> 0 | ... AP69: =AP36*$C69 -> 0
B70: Bifangst/Annet | C70: 8 | D70: =D37*$C70 -> 133952 | E70: =E37*$C70 -> 0 | F70: =F37*$C70 -> 0 | G70: =G37*$C70 -> 0 | H70: =H37*$C70 -> 0 | I70: =I37*$C70 -> 4952 | J70: =J37*$C70 -> 25736 | K70: =K37*$C70 -> 0 | ... AP70: =AP37*$C70 -> 0
B71: Ensilasje | C71: 2.2 | D71: =D49*C71 -> 367400 | E71: =E49*D71 -> 0 | F71: =F49*E71 -> 0 | G71: =G49*F71 -> 0 | H71: =H49*G71 -> 0 | I71: =I49*H71 -> 0 | J71: =J49*I71 -> 0 | K71: =K49*J71 -> 0 | ... AP71: =AP49*AO71 -> 0
B73: Snittinntekt pr dag | D73: =AVERAGEIF(E58:Y58, ">0") -> 780146.32
B75: Lott/hyre | C75: 0.29 | D75: =SUM(E75:AI75) -> 6428829.2 | E75: =E58*$C$75 -> 0 | F75: =F58*$C$75 -> 0 | G75: =G58*$C$75 -> 0 | H75: =H58*$C$75 -> 16373.4 | I75: =I58*$C$75 -> 94408.015 | J75: =J58*$C$75 -> 179984.44 | K75: =K58*$C$75 -> 158783.7 | L75: =L58*$C$75 -> 139704.6 | ... AP75: =AP58*$C$75 -> 0
B76: Est. vedlikehold pr dag | C76: =11800000/322 -> 36645.963 | D76: =SUM(E76:AI76) -> 1136024.8 | E76: =$C$76 -> 36645.963 | F76: =$C$76 -> 36645.963 | G76: =$C$76 -> 36645.963 | H76: =$C$76 -> 36645.963 | I76: =$C$76 -> 36645.963 | J76: =$C$76 -> 36645.963 | K76: =$C$76 -> 36645.963 | L76: =$C$76 -> 36645.963 | ... AP76: =$C$76 -> 36645.963
B77: Est. "andre kostnader" pr dag | C77: =11400000/322 -> 35403.727 | D77: =SUM(E77:AI77) -> 1097515.5 | E77: =$C$77 -> 35403.727 | F77: =$C$77 -> 35403.727 | G77: =$C$77 -> 35403.727 | H77: =$C$77 -> 35403.727 | I77: =$C$77 -> 35403.727 | J77: =$C$77 -> 35403.727 | K77: =$C$77 -> 35403.727 | L77: =$C$77 -> 35403.727 | ... AP77: =$C$77 -> 35403.727
B78: Bunkers | C78: 11.6 | D78: =SUM(E78:AI78) -> 3851200 | E78: =$C$78*E40 -> 34800 | F78: =$C$78*F40 -> 11600 | G78: =$C$78*G40 -> 81200 | H78: =$C$78*H40 -> 116000 | I78: =$C$78*I40 -> 150800 | J78: =$C$78*J40 -> 185600 | K78: =$C$78*K40 -> 104400 | L78: =$C$78*L40 -> 104400 | ... AP78: =$C$78*AP40 -> 0
B79: Est. Driftsres. f. avskrivninger | C79: =SUM(E79:AI79) -> 9654807 | D79: =D58-D75-D76-D77-D78 -> 13868341 | E79: =E58-E75-E76-E77-E78 -> -106849.69 | F79: =F58-F75-F76-F77-F78 -> -83649.689 | G79: =G58-G75-G76-G77-G78 -> -153249.69 | H79: =H58-H75-H76-H77-H78 -> -147963.09 | I79: =I58-I75-I76-I77-I78 -> 8287.1754 | J79: =J58-J75-J76-J77-J78 -> 183001.87 | K79: =K58-K75-K76-K77-K78 -> 212296.61 | ... AP79: =AP58-AP75-AP76-AP77-AP78 -> -72049.689
B80: Akkumulert | E80: =E79 -> -106849.69 | F80: =F79+E80 -> -190499.38 | G80: =G79+F80 -> -343749.07 | H80: =H79+G80 -> -491712.16 | I80: =I79+H80 -> -483424.98 | J80: =J79+I80 -> -300423.11 | K80: =K79+J80 -> -88126.501 | L80: =L79+K80 -> 77459.209 | M80: =M79+L80 -> 459840.42 | ... AP80: =AP79+AO80 -> 10954568
B83: Bunkers pr kg produkt | C83: =D40/D25 -> 0.31121256
G86: Snittpriser 14/02/22 - 20/02/22
G87: NR hovedarter | H87: Størrelse | I87: Tilstand | J87: Kvalitet | K87: Kvantum | L87: Snittpris | M87: Vektet
G88: Torsk | H88: ikke oppgitt | I88: rogn | J88: a | K88: 2608 | L88: 38.23
G89: Torsk | H89: -1,0 kg | I89: sløyd u/hode | J89: a | K89: 85647 | L89: 34.91 | M89: 1.7935076
G90: Torsk | H90: 1,0-2,5 kg | I90: sløyd u/hode | J90: a | K90: 742226 | L90: 39.05 | M90: 17.38595
G91: Torsk | H91: 2,5-6,0 kg | I91: sløyd u/hode | J91: a | K91: 587570 | L91: 45.15 | M91: 15.913239
G92: Torsk | H92: 2,5+ kg | I92: sløyd u/hode | J92: a | K92: 80371 | L92: 35.58 | M92: 1.7153254
G93: Torsk | H93: 6,0+ kg | I93: sløyd u/hode | J93: a | K93: 168667 | L93: 50.23 | M93: 5.0819983
K94: 1667089 | M94: 41.89002
G96: Hyse | H96: -0,8 kg | I96: sløyd u/hode | J96: a | K96: 77875 | L96: 26.49 | M96: 8.538883
G97: Hyse | H97: 0,8+ kg | I97: sløyd u/hode | J97: a | K97: 163715 | L97: 30.17 | M97: 20.444892
K98: 241590 | M98: 28.983775
G100: Sei | H100: -1,2 kg | I100: sløyd u/hode | J100: a | K100: 64834 | L100: 18.75 | M100: 3.117347
G101: Sei | H101: 1,2-2,3 kg | I101: sløyd u/hode | J101: a | K101: 305804 | L101: 21.25 | M101: 16.664149
G102: Sei | H102: 2,3+ kg | I102: sløyd u/hode | J102: a | K102: 19321 | L102: 22.25 | M102: 1.1024037
K103: 389959 | M103: 20.8839

Sheet Tur 6 2022
B2: Navn | C2: "Breidtind"
B3: Turnr | C3: 6
B4: Tur start | C4: 44763
B5: Tur slutt | C5: 44797
B7: Aktivitet | D7: Totalt | E7: 44764 | F7: 44765 | G7: 44766 | H7: 44767 | I7: 44768 | J7: 44769 | K7: 44770 | L7: 44771 | M7: 44772 | N7: 44773 | O7: 44774 | P7: 44775 | Q7: 44776 | R7: 44777 | S7: 44778 | T7: 44779 | U7: 44780 | V7: 44781 | W7: 44782 | X7: 44783 | Y7: 44784 | Z7: 44785 | AA7: 44786 | AB7: 44787 | AC7: 44788 | AD7: 44789 | AE7: 44790 | AF7: 44791 | AG7: 44792 | AH7: 44793 | AI7: 44794 | AJ7: 44795 | AK7: 44796 | AL7: 44797
B8: Fiske | C8: timer | D8: =SUM(E8:AL8) -> 400.5 | E8: 1.5 | F8: 8 | G8: 24 | H8: 18 | I8: 24 | J8: 24 | K8: 24 | L8: 24 | M8: 24 | N8: 7 | O8: 24 | P8: 24 | Q8: 24 | R8: 24 | S8: 24 | T8: 24 | U8: 24 | V8: 24 | W8: 24 | X8: 6 | Y8: 0 | Z8: 0 | AA8: 0 | AB8: 0 | AC8: 0 | AD8: 0 | AE8: 0 | AF8: 0 | AG8: 0 | AH8: 0 | AI8: 0 | AJ8: 0 | AK8: 0 | AL8: 0
B9: Seiling | C9: timer | D9: =SUM(E9:AI9) -> 73.5 | E9: 20.5 | F9: 16 | G9: 0 | H9: 6 | I9: 0 | J9: 0 | K9: 0 | L9: 0 | M9: 0 | N9: 0 | O9: 0 | P9: 0 | Q9: 0 | R9: 0 | S9: 0 | T9: 0 | U9: 0 | V9: 0 | W9: 0 | X9: 6 | Y9: 15 | Z9: 10 | AA9: 0 | AB9: 0 | AC9: 0 | AD9: 0 | AE9: 0 | AF9: 0 | AG9: 0 | AH9: 0 | AI9: 0 | AJ9: 0 | AK9: 0 | AL9: 0
B10: Teknisk (feil, problem) | C10: timer | D10: =SUM(E10:AI10) -> 65 | E10: 0 | F10: 0 | G10: 0 | H10: 0 | I10: 0 | J10: 0 | K10: 0 | L10: 0 | M10: 0 | N10: 17 | O10: 0 | P10: 0 | Q10: 0 | R10: 0 | S10: 0 | T10: 0 | U10: 0 | V10: 0 | W10: 0 | X10: 12 | Y10: 9 | Z10: 3 | AA10: 24 | AB10: 0 | AC10: 0 | AD10: 0 | AE10: 0 | AF10: 0 | AG10: 0 | AH10: 0 | AI10: 0 | AJ10: 0 | AK10: 0 | AL10: 0
B11: Vasking | C11: timer | D11: =SUM(E11:AI11) -> 0 | E11: 0 | F11: 0 | G11: 0 | H11: 0 | I11: 0 | J11: 0 | K11: 0 | L11: 0 | M11: 0 | N11: 0 | O11: 0 | P11: 0 | Q11: 0 | R11: 0 | S11: 0 | T11: 0 | U11: 0 | V11: 0 | W11: 0 | X11: 0 | Y11: 0 | Z11: 0 | AA11: 0 | AB11: 0 | AC11: 0 | AD11: 0 | AE11: 0 | AF11: 0 | AG11: 0 | AH11: 0 | AI11: 0 | AJ11: 0 | AK11: 0 | AL11: 0
B12: Lossing | C12: timer | D12: =SUM(E12:AI12) -> 11 | E12: 0 | F12: 0 | G12: 0 | H12: 0 | I12: 0 | J12: 0 | K12: 0 | L12: 0 | M12: 0 | N12: 0 | O12: 0 | P12: 0 | Q12: 0 | R12: 0 | S12: 0 | T12: 0 | U12: 0 | V12: 0 | W12: 0 | X12: 0 | Y12: 0 | Z12: 11 | AA12: 0 | AB12: 0 | AC12: 0 | AD12: 0 | AE12: 0 | AF12: 0 | AG12: 0 | AH12: 0 | AI12: 0 | AJ12: 0 | AK12: 0 | AL12: 0
B13: Bunkring | C13: timer | D13: =SUM(E13:AI13) -> 2 | E13: 2 | F13: 0 | G13: 0 | H13: 0 | I13: 0 | J13: 0 | K13: 0 | L13: 0 | M13: 0 | N13: 0 | O13: 0 | P13: 0 | Q13: 0 | R13: 0 | S13: 0 | T13: 0 | U13: 0 | V13: 0 | W13: 0 | X13: 0 | Y13: 0 | Z13: 0 | AA13: 0 | AB13: 0 | AC13: 0 | AD13: 0 | AE13: 0 | AF13: 0 | AG13: 0 | AH13: 0 | AI13: 0 | AJ13: 0 | AK13: 0 | AL13: 0
B14: Annet | C14: timer | D14: =SUM(E14:AI14) -> 3 | E14: 0 | F14: 0 | G14: 0 | H14: 0 | I14: 0 | J14: 0 | K14: 0 | L14: 0 | M14: 0 | N14: 0 | O14: 0 | P14: 0 | Q14: 0 | R14: 0 | S14: 0 | T14: 0 | U14: 0 | V14: 0 | W14: 0 | X14: 0 | Y14: 0 | Z14: 3 | AA14: 0 | AB14: 0 | AC14: 0 | AD14: 0 | AE14: 0 | AF14: 0 | AG14: 0 | AH14: 0 | AI14: 0 | AJ14: 0 | AK14: 0 | AL14: 0
B15: SUM | C15: timer | D15: =SUM(E15:AI15) -> 555 | E15: =SUM(E8:E14) -> 24 | F15: =SUM(F8:F14) -> 24 | G15: =SUM(G8:G14) -> 24 | H15: =SUM(H8:H14) -> 24 | I15: =SUM(I8:I14) -> 24 | J15: =SUM(J8:J14) -> 24 | K15: =SUM(K8:K14) -> 24 | L15: =SUM(L8:L14) -> 24 | ... AL15: =SUM(AL8:AL14) -> 0
B17: Felt/område | C17: Navn | D17: =SUM(E17:AI17) -> 0 | E17: NØS | F17: Hopen | G17: Hopen | H17: Hopen | I17: Storfjordrenna | J17: Storfjordr | K17: Storfjordrenna | L17: Storfjord | M17: Storfjordrenna | N17: Storfjordrenna | O17: Storfjordrenna | P17: Hopen | Q17: Hopen øst | R17: Hopen øst | S17: Hopen Øst | T17: Hopen øst | U17: Hopen øst | V17: Hopen øst | W17: Storfjordbanken | X17: Gardar | Y17: Gardar | Z17: Tromsø | AA17: Tromsø
B18: Tauetimer | C18: Timer | D18: =SUM(E18:AI18) -> 282 | E18: 1 | F18: 5 | G18: 22 | H18: 15.5 | I18: 16.5 | J18: 16 | K18: 26 | L18: 17 | M18: 13 | N18: 15 | O18: 6.5 | P18: 14.5 | Q18: 8 | R18: 16 | S18: 20.5 | T18: 23.5 | U18: 18 | V18: 14 | W18: 9 | X18: 5
B19: Hal | C19: Antall | D19: =SUM(E19:AI19) -> 56 | E19: 1 | F19: 1 | G19: 4 | H19: 3 | I19: 3 | J19: 3 | K19: 4 | L19: 3 | M19: 2 | N19: 2 | O19: 1 | P19: 4 | Q19: 5 | R19: 3 | S19: 4 | T19: 4 | U19: 3 | V19: 3 | W19: 2 | X19: 1
B20: Bruk (630/550) (eks 2xAlfredo) | C20: Type x antall | D20: =SUM(E20:AI20) -> 0 | E20: 2*630 | F20: 2*630 | G20: 2*630 | H20: 2*630 | I20: 2*630 | J20: 2*630 | K20: 2*630 | L20: 2*630 | M20: 2*630 | N20: 2*630 | O20: 2*630 | P20: 2*630 | Q20: 2*630 | R20: 2*630 | S20: 2*630 | T20: 2*630 | U20: 2*630 | V20: 2*630 | W20: 1,5*630 | X20: 2*630
B21: Sjøtemperatur | C21: Grader
B23: Fangst pr tauetime kg | C23: =D25/D18 -> 1625.0745
A25: efangst | B25: Fangst total(produktvekt) | C25: (autosummering) | D25: =SUM(E25:AP25) -> 458271 | E25: =SUM(E26:E37) -> 1058 | F25: =SUM(F26:F37) -> 5402 | G25: =SUM(G26:G37) -> 37196 | H25: =SUM(H26:H37) -> 9961 | I25: =SUM(I26:I37) -> 24360 | J25: =SUM(J26:J37) -> 38266 | K25: =SUM(K26:K37) -> 50056 | L25: =SUM(L26:L37) -> 50386 | ... AL25: =SUM(AL26:AL37) -> 0
B26: Torsk | C26: kg | D26: =SUM(E26:AP26) -> 432868 | E26: 1058 | F26: 4740 | G26: 34600 | H26: 9275 | I26: 23928 | J26: 36541 | K26: 47658 | L26: 48742 | M26: 15377 | N26: 13693 | O26: 8230 | P26: 4994 | Q26: 4162 | R26: 26559 | S26: 60282 | T26: 48260 | U26: 33329 | V26: 6216 | W26: 2926 | X26: 2298 | Y26: 0 | Z26: 0 | AA26: 0 | AB26: 0 | AC26: 0 | AD26: 0 | AE26: 0 | AF26: 0 | AG26: 0 | AH26: 0 | AI26: 0 | AJ26: 0 | AK26: 0 | AL26: 0
B27: Hyse | C27: kg | D27: =SUM(E27:AP27) -> 10330 | F27: 418 | G27: 1896 | H27: 336 | I27: 432 | J27: 1440 | K27: 2160 | L27: 336 | M27: 96 | N27: 48 | O27: 48 | P27: 96 | Q27: 0 | R27: 0 | S27: 528 | T27: 288 | U27: 672 | V27: 144 | W27: 624 | X27: 768 | Y27: 0 | Z27: 0 | AA27: 0 | AB27: 0 | AC27: 0 | AD27: 0 | AE27: 0 | AF27: 0 | AG27: 0 | AH27: 0 | AI27: 0 | AJ27: 0 | AK27: 0 | AL27: 0
B28: Sei N | C28: kg | D28: =SUM(E28:AP28) -> 0 | K28: 0 | L28: 0 | M28: 0 | N28: 0 | O28: 0 | P28: 0 | Q28: 0 | R28: 0 | S28: 0 | T28: 0 | U28: 0 | V28: 0 | W28: 0 | X28: 0 | Y28: 0 | Z28: 0 | AA28: 0 | AB28: 0 | AC28: 0 | AD28: 0 | AE28: 0 | AF28: 0 | AG28: 0 | AH28: 0 | AI28: 0 | AJ28: 0 | AK28: 0 | AL28: 0
B29: Sei S | C29: kg | D29: =SUM(E29:AP29) -> 0 | K29: 0 | L29: 0 | M29: 0 | N29: 0 | O29: 0 | P29: 0 | Q29: 0 | R29: 0 | S29: 0 | T29: 0 | U29: 0 | V29: 0 | W29: 0 | X29: 0 | Y29: 0 | Z29: 0 | AA29: 0 | AB29: 0 | AC29: 0 | AD29: 0 | AE29: 0 | AF29: 0 | AG29: 0 | AH29: 0 | AI29: 0 | AJ29: 0 | AK29: 0 | AL29: 0
B30: Uer rund | C30: kg | D30: =SUM(E30:AP30) -> 7496 | K30: 0 | L30: 0 | M30: 7496 | N30: 0 | O30: 0 | P30: 0 | Q30: 0 | R30: 0 | S30: 0 | T30: 0 | U30: 0 | V30: 0 | W30: 0 | X30: 0 | Y30: 0 | Z30: 0 | AA30: 0 | AB30: 0 | AC30: 0 | AD30: 0 | AE30: 0 | AF30: 0 | AG30: 0 | AH30: 0 | AI30: 0 | AJ30: 0 | AK30: 0 | AL30: 0
B31: Uer j/c | C31: kg | D31: =SUM(E31:AP31) -> 816 | K31: 0 | L31: 0 | M31: 0 | N31: 0 | O31: 0 | P31: 0 | Q31: 0 | R31: 0 | S31: 0 | T31: 0 | U31: 0 | V31: 0 | W31: 0 | X31: 816 | Y31: 0 | Z31: 0 | AA31: 0 | AB31: 0 | AC31: 0 | AD31: 0 | AE31: 0 | AF31: 0 | AG31: 0 | AH31: 0 | AI31: 0 | AJ31: 0 | AK31: 0 | AL31: 0
B32: Uer hoder | C32: kg | D32: =SUM(E32:AP32) -> 648 | K32: 0 | L32: 0 | M32: 0 | N32: 0 | O32: 0 | P32: 0 | Q32: 0 | R32: 0 | S32: 0 | T32: 0 | U32: 0 | V32: 0 | W32: 0 | X32: 648 | Y32: 0 | Z32: 0 | AA32: 0 | AB32: 0 | AC32: 0 | AD32: 0 | AE32: 0 | AF32: 0 | AG32: 0 | AH32: 0 | AI32: 0 | AJ32: 0 | AK32: 0 | AL32: 0
B33: Blåkveite | C33: kg | D33: =SUM(E33:AP33) -> 2374 | F33: 44 | G33: 0 | H33: 0 | I33: 0 | J33: 0 | K33: 88 | L33: 1164 | M33: 556 | N33: 252 | O33: 83 | P33: 0 | Q33: 21 | R33: 0 | S33: 0 | T33: 0 | U33: 0 | V33: 0 | W33: 166 | X33: 0 | Y33: 0 | Z33: 0 | AA33: 0 | AB33: 0 | AC33: 0 | AD33: 0 | AE33: 0 | AF33: 0 | AG33: 0 | AH33: 0 | AI33: 0 | AJ33: 0 | AK33: 0 | AL33: 0
B34: Blåkveite hoder | C34: kg | D34: =SUM(E34:AP34) -> 0 | K34: 0 | L34: 0 | M34: 0 | N34: 0 | O34: 0 | P34: 0 | Q34: 0 | R34: 0 | S34: 0 | T34: 0 | U34: 0 | V34: 0 | W34: 0 | X34: 0 | Y34: 0 | Z34: 0 | AA34: 0 | AB34: 0 | AC34: 0 | AD34: 0 | AE34: 0 | AF34: 0 | AG34: 0 | AH34: 0 | AI34: 0 | AJ34: 0 | AK34: 0 | AL34: 0
B35: Reke | C35: kg | D35: =SUM(E35:AP35) -> 0 | K35: 0 | L35: 0 | M35: 0 | N35: 0 | O35: 0 | P35: 0 | Q35: 0 | R35: 0 | S35: 0 | T35: 0 | U35: 0 | V35: 0 | W35: 0 | X35: 0 | Y35: 0 | Z35: 0 | AA35: 0 | AB35: 0 | AC35: 0 | AD35: 0 | AE35: 0 | AF35: 0 | AG35: 0 | AH35: 0 | AI35: 0 | AJ35: 0 | AK35: 0 | AL35: 0
B36: Reke kok | C36: kg | D36: =SUM(E36:AP36) -> 0 | K36: 0 | L36: 0 | M36: 0 | N36: 0 | O36: 0 | P36: 0 | Q36: 0 | R36: 0 | S36: 0 | T36: 0 | U36: 0 | V36: 0 | W36: 0 | X36: 0 | Y36: 0 | Z36: 0 | AA36: 0 | AB36: 0 | AC36: 0 | AD36: 0 | AE36: 0 | AF36: 0 | AG36: 0 | AH36: 0 | AI36: 0 | AJ36: 0 | AK36: 0 | AL36: 0
B37: Bifangst/Annet | C37: kg | D37: =SUM(E37:AP37) -> 3739 | F37: 200 | G37: 700 | H37: 350 | I37: 0 | J37: 285 | K37: 150 | L37: 144 | M37: 150 | N37: 100 | O37: 66 | P37: 594 | Q37: 0 | R37: 100 | S37: 150 | T37: 250 | U37: 100 | V37: 250 | W37: 100 | X37: 50 | Y37: 0 | Z37: 0 | AA37: 0 | AB37: 0 | AC37: 0 | AD37: 0 | AE37: 0 | AF37: 0 | AG37: 0 | AH37: 0 | AI37: 0 | AJ37: 0 | AK37: 0 | AL37: 0
B38: Koke-% reke | D38: =D36/D25 -> 0 | E38: =E36/E25 -> 0 | F38: =F36/F25 -> 0 | G38: =G36/G25 -> 0 | H38: =H36/H25 -> 0 | I38: =I36/I25 -> 0 | J38: =J36/J25 -> 0 | K38: 0 | L38: =L36/L25 -> 0 | M38: =M36/M25 -> 0 | N38: =N36/N25 -> 0 | O38: =O36/O25 -> 0 | P38: =P36/P25 -> 0 | Q38: =Q36/Q25 -> 0 | R38: =R36/R25 -> 0 | S38: =S36/S25 -> 0 | ... AL38: =AL36/AL25 -> #DIV/0!
A40: Maskin | B40: Bunkersforbruk | C40: ltr | D40: =SUM(E40:AI40) -> 307000 | E40: 12000 | F40: 13000 | G40: 13000 | H40: 13000 | I40: 13000 | J40: 13000 | K40: 13000 | L40: 13000 | M40: 13000 | N40: 9000 | O40: 14000 | P40: 13000 | Q40: 11000 | R40: 11000 | S40: 13000 | T40: 12000 | U40: 13000 | V40: 13000 | W40: 13000 | X40: 11000 | Y40: 12000 | Z40: 9000 | AA40: 3000 | AB40: 3000 | AC40: 2000 | AD40: 2000 | AE40: 2000 | AF40: 12000 | AG40: 13000 | AH40: 0 | AI40: 0 | AJ40: 0 | AK40: 0 | AL40: 0
B41: Smørolje forbruk | C41: ltr | D41: =SUM(E41:AI41) -> 1000 | E41: 0 | F41: 0 | G41: 0 | H41: 0 | I41: 200 | J41: 0 | K41: 0 | L41: 0 | M41: 0 | N41: 200 | O41: 0 | P41: 0 | Q41: 0 | R41: 200 | S41: 0 | T41: 0 | U41: 0 | V41: 0 | W41: 200 | X41: 0 | Y41: 0 | Z41: 0 | AA41: 0 | AB41: 0 | AC41: 0 | AD41: 0 | AE41: 0 | AF41: 0 | AG41: 200 | AH41: 0 | AI41: 0 | AJ41: 0 | AK41: 0 | AL41: 0
A44: Fabrikk | B44: Timer uten produksjon, totalt | C44: timer | D44: =SUM(E44:AI44) -> 0 | E44: 0 | F44: 0 | G44: 0 | H44: 0 | I44: 0 | J44: 0 | K44: 0 | L44: 0 | M44: 0 | N44: 0 | O44: 0 | P44: 0 | Q44: 0 | R44: 0 | S44: 0 | T44: 0 | U44: 0 | V44: 0 | W44: 0 | X44: 0 | Y44: 0 | Z44: 0 | AA44: 0 | AB44: 0 | AC44: 0 | AD44: 0 | AE44: 0 | AF44: 0 | AG44: 0 | AH44: 0 | AI44: 0 | AJ44: 0 | AK44: 0 | AL44: 0
B45: Mangel på fisk | C45: timer | D45: =SUM(E45:AI45) -> 0 | E45: 0 | F45: 0 | G45: 0 | H45: 0 | I45: 0 | J45: 0 | K45: 0 | L45: 0 | M45: 0 | N45: 0 | O45: 0 | P45: 0 | Q45: 0 | R45: 0 | S45: 0 | T45: 0 | U45: 0 | V45: 0 | W45: 0 | X45: 0 | Y45: 0 | Z45: 0 | AA45: 0 | AB45: 0 | AC45: 0 | AD45: 0 | AE45: 0 | AF45: 0 | AG45: 0 | AH45: 0 | AI45: 0 | AJ45: 0 | AK45: 0 | AL45: 0
B46: Tekniske problem | C46: timer | D46: =SUM(E46:AI46) -> 0 | E46: 0 | F46: 0 | G46: 0 | H46: 0 | I46: 0 | J46: 0 | K46: 0 | L46: 0 | M46: 0 | N46: 0 | O46: 0 | P46: 0 | Q46: 0 | R46: 0 | S46: 0 | T46: 0 | U46: 0 | V46: 0 | W46: 0 | X46: 0 | Y46: 0 | Z46: 0 | AA46: 0 | AB46: 0 | AC46: 0 | AD46: 0 | AE46: 0 | AF46: 0 | AG46: 0 | AH46: 0 | AI46: 0 | AJ46: 0 | AK46: 0 | AL46: 0
B47: Andre årsaker | C47: timer | D47: =SUM(E47:AI47) -> 0 | E47: 0 | F47: 0 | G47: 0 | H47: 0 | I47: 0 | J47: 0 | K47: 0 | L47: 0 | M47: 0 | N47: 0 | O47: 0 | P47: 0 | Q47: 0 | R47: 0 | S47: 0 | T47: 0 | U47: 0 | V47: 0 | W47: 0 | X47: 0 | Y47: 0 | Z47: 0 | AA47: 0 | AB47: 0 | AC47: 0 | AD47: 0 | AE47: 0 | AF47: 0 | AG47: 0 | AH47: 0 | AI47: 0 | AJ47: 0 | AK47: 0 | AL47: 0
B48: Ensilasje, råstoff | C48: kg | D48: =SUM(E48:Y48) -> 0 | E48: 0 | F48: 0 | G48: 0 | H48: 0 | I48: 0 | J48: 0 | K48: 0 | L48: 0 | M48: 0 | N48: 0 | O48: 0 | P48: 0 | Q48: 0 | R48: 0 | S48: 0 | T48: 0 | U48: 0 | V48: 0 | W48: 0 | X48: 0 | Y48: 0 | Z48: 0 | AA48: 0 | AB48: 0 | AC48: 0 | AD48: 0 | AE48: 0 | AF48: 0 | AG48: 0 | AH48: 0 | AI48: 0 | AJ48: 0 | AK48: 0 | AL48: 0
B49: Ensilasje, syreforbruk | C49: kg | D49: =SUM(E49:Y49) -> 0 | E49: 0 | F49: 0 | G49: 0 | H49: 0 | I49: 0 | J49: 0 | K49: 0 | L49: 0 | M49: 0 | N49: 0 | O49: 0 | P49: 0 | Q49: 0 | R49: 0 | S49: 0 | T49: 0 | U49: 0 | V49: 0 | W49: 0 | X49: 0 | Y49: 0 | Z49: 0 | AA49: 0 | AB49: 0 | AC49: 0 | AD49: 0 | AE49: 0 | AF49: 0 | AG49: 0 | AH49: 0 | AI49: 0 | AJ49: 0 | AK49: 0 | AL49: 0
A51: Kommentarer* | B51: Hendelser/Avvik: | C51: (overskrift) | D51: (overskrift) | E51: (overskrift) | F51: (overskrift) | G51: (overskrift) | H51: (overskrift) | I51: (overskrift) | J51: (overskrift) | K51: (overskrift) | L51: (overskrift) | M51: (overskrift) | N51: (overskrift) | O51: (overskrift) | P51: (overskrift) | Q51: (overskrift) | R51: (overskrift) | S51: (overskrift) | T51: (overskrift) | U51: (overskrift) | V51: (overskrift) | W51: (overskrift) | X51: (overskrift) | Y51: (overskrift) | Z51: (overskrift) | AA51: (overskrift) | AB51: (overskrift) | AC51: (overskrift) | AD51: (overskrift) | AE51: (overskrift) | AF51: (overskrift) | AG51: (overskrift) | AH51: (overskrift) | AI51: (overskrift) | AJ51: (overskrift) | AK51: (overskrift) | AL51: (overskrift)
B52: HMS | C52: kommentar | D52: kommentar | E52: kommentar | F52: kommentar | G52: kommentar | H52: kommentar | I52: kommentar | J52: kommentar | K52: kommentar | L52: kommentar | M52: kommentar | N52: kommentar | O52: kommentar | P52: kommentar | Q52: kommentar | R52: kommentar | S52: kommentar | T52: kommentar | U52: kommentar | V52: kommentar | W52: kommentar | X52: kommentar | Y52: kommentar | Z52: kommentar | AA52: kommentar | AB52: kommentar | AC52: kommentar | AD52: kommentar | AE52: kommentar | AF52: kommentar | AG52: kommentar | AH52: kommentar | AI52: kommentar | AJ52: kommentar | AK52: kommentar | AL52: kommentar
B53: Fiske | C53: kommentar | D53: kommentar | E53: kommentar | F53: kommentar | G53: kommentar | H53: kommentar | I53: kommentar | J53: kommentar | K53: kommentar | L53: kommentar | M53: kommentar | N53: kommentar | O53: kommentar | P53: Leiting | Q53: Splitting | R53: kommentar | S53: kommentar | T53: kommentar | U53: kommentar | V53: kommentar | W53: kommentar | X53: Feil på vinsj | Y53: kommentar | Z53: kommentar | AA53: kommentar | AB53: kommentar | AC53: kommentar | AD53: kommentar | AE53: kommentar | AF53: kommentar | AG53: kommentar | AH53: kommentar | AI53: kommentar | AJ53: kommentar | AK53: kommentar | AL53: kommentar
B54: Produksjon | C54: kommentar | D54: kommentar | E54: kommentar | F54: kommentar | G54: kommentar | H54: kommentar | I54: kommentar | J54: kommentar | K54: kommentar | L54: kommentar | M54: Stopp i fabrikken | N54: Stopp i fabrikken | O54: kommentar | P54: kommentar | Q54: kommentar | R54: kommentar | S54: kommentar | T54: kommentar | U54: kommentar | V54: kommentar | W54: kommentar | X54: kommentar | Y54: kommentar | Z54: kommentar | AA54: kommentar | AB54: kommentar | AC54: kommentar | AD54: kommentar | AE54: kommentar | AF54: kommentar | AG54: kommentar | AH54: kommentar | AI54: kommentar | AJ54: kommentar | AK54: kommentar | AL54: kommentar
B55: Drift/fartøy | C55: kommentar | D55: kommentar | E55: kommentar | F55: kommentar | G55: kommentar | H55: kommentar | I55: kommentar | J55: kommentar | K55: kommentar | L55: kommentar | M55: kommentar | N55: kommentar | O55: kommentar | P55: kommentar | Q55: kommentar | R55: kommentar | S55: kommentar | T55: kommentar | U55: kommentar | V55: kommentar | W55: kommentar | X55: kommentar | Y55: kommentar | Z55: kommentar | AA55: kommentar | AB55: kommentar | AC55: kommentar | AD55: kommentar | AE55: kommentar | AF55: kommentar | AG55: kommentar | AH55: kommentar | AI55: kommentar | AJ55: kommentar | AK55: kommentar | AL55: kommentar
B57: Estimert fangstverdi | C57: kr | D57: =SUM(D58:D70) -> 23518120 | E57: =SUM(E58:E70) -> 56074 | F57: =SUM(F58:F70) -> 268396 | G57: =SUM(G58:G70) -> 1900072 | H57: =SUM(H58:H70) -> 505127 | I57: =SUM(I58:I70) -> 1282008 | J57: =SUM(J58:J70) -> 1985033 | K57: =SUM(K58:K70) -> 2600594 | ... AL57: =SUM(AL58:AL70) -> 0
B58: Torsk | C58: 53 | D58: =D26*$C58 -> 22942004 | E58: =E26*$C58 -> 56074 | F58: =F26*$C58 -> 251220 | G58: =G26*$C58 -> 1833800 | H58: =H26*$C58 -> 491575 | I58: =I26*$C58 -> 1268184 | J58: =J26*$C58 -> 1936673 | K58: =K26*$C58 -> 2525874 | ... AL58: =AL26*$C58 -> 0
B59: Hyse | C59: 32 | D59: =D27*$C59 -> 330560 | E59: =E27*$C59 -> 0 | F59: =F27*$C59 -> 13376 | G59: =G27*$C59 -> 60672 | H59: =H27*$C59 -> 10752 | I59: =I27*$C59 -> 13824 | J59: =J27*$C59 -> 46080 | K59: =K27*$C59 -> 69120 | ... AL59: =AL27*$C59 -> 0
B60: Sei N | C60: 23 | D60: =D28*$C60 -> 0 | E60: =E28*$C60 -> 0 | F60: =F28*$C60 -> 0 | G60: =G28*$C60 -> 0 | H60: =H28*$C60 -> 0 | I60: =I28*$C60 -> 0 | J60: =J28*$C60 -> 0 | K60: =K28*$C60 -> 0 | ... AL60: =AL28*$C60 -> 0
B61: Sei S | C61: 15 | D61: =D29*$C61 -> 0 | E61: =E29*$C61 -> 0 | F61: =F29*$C61 -> 0 | G61: =G29*$C61 -> 0 | H61: =H29*$C61 -> 0 | I61: =I29*$C61 -> 0 | J61: =J29*$C61 -> 0 | K61: =K29*$C61 -> 0 | ... AL61: =AL29*$C61 -> 0
B62: Uer rund | C62: 10 | D62: =D30*$C62 -> 74960 | E62: =E30*$C62 -> 0 | F62: =F30*$C62 -> 0 | G62: =G30*$C62 -> 0 | H62: =H30*$C62 -> 0 | I62: =I30*$C62 -> 0 | J62: =J30*$C62 -> 0 | K62: =K30*$C62 -> 0 | ... AL62: =AL30*$C62 -> 0
B63: Uer j/c | C63: 19 | D63: =D31*$C63 -> 15504 | E63: =E31*$C63 -> 0 | F63: =F31*$C63 -> 0 | G63: =G31*$C63 -> 0 | H63: =H31*$C63 -> 0 | I63: =I31*$C63 -> 0 | J63: =J31*$C63 -> 0 | K63: =K31*$C63 -> 0 | ... AL63: =AL31*$C63 -> 0
B64: Uer hoder | C64: 10 | D64: =D32*$C64 -> 6480 | E64: =E32*$C64 -> 0 | F64: =F32*$C64 -> 0 | G64: =G32*$C64 -> 0 | H64: =H32*$C64 -> 0 | I64: =I32*$C64 -> 0 | J64: =J32*$C64 -> 0 | K64: =K32*$C64 -> 0 | ... AL64: =AL32*$C64 -> 0
B65: Blåkveite | C65: 50 | D65: =D33*$C65 -> 118700 | E65: =E33*$C65 -> 0 | F65: =F33*$C65 -> 2200 | G65: =G33*$C65 -> 0 | H65: =H33*$C65 -> 0 | I65: =I33*$C65 -> 0 | J65: =J33*$C65 -> 0 | K65: =K33*$C65 -> 4400 | ... AL65: =AL33*$C65 -> 0
B66: Blåkveite hoder | C66: 27.39 | D66: =D34*$C66 -> 0 | E66: =E34*$C66 -> 0 | F66: =F34*$C66 -> 0 | G66: =G34*$C66 -> 0 | H66: =H34*$C66 -> 0 | I66: =I34*$C66 -> 0 | J66: =J34*$C66 -> 0 | K66: =K34*$C66 -> 0 | ... AL66: =AL34*$C66 -> 0
B67: Reke | C67: 26 | D67: =D35*$C67 -> 0 | E67: =E35*$C67 -> 0 | F67: =F35*$C67 -> 0 | G67: =G35*$C67 -> 0 | H67: =H35*$C67 -> 0 | I67: =I35*$C67 -> 0 | J67: =J35*$C67 -> 0 | K67: =K35*$C67 -> 0 | ... AL67: =AL35*$C67 -> 0
B68: Reke kok | C68: 48 | D68: =D36*$C68 -> 0 | E68: =E36*$C68 -> 0 | F68: =F36*$C68 -> 0 | G68: =G36*$C68 -> 0 | H68: =H36*$C68 -> 0 | I68: =I36*$C68 -> 0 | J68: =J36*$C68 -> 0 | K68: =K36*$C68 -> 0 | ... AL68: =AL36*$C68 -> 0
B69: Bifangst/Annet | C69: 8 | D69: =D37*$C69 -> 29912 | E69: =E37*$C69 -> 0 | F69: =F37*$C69 -> 1600 | G69: =G37*$C69 -> 5600 | H69: =H37*$C69 -> 2800 | I69: =I37*$C69 -> 0 | J69: =J37*$C69 -> 2280 | K69: =K37*$C69 -> 1200 | ... AL69: =AL37*$C69 -> 0
B70: Ensilasje | C70: 2.2 | D70: =D48*C70 -> 0 | E70: =E48*D70 -> 0 | F70: =F48*E70 -> 0 | G70: =G48*F70 -> 0 | H70: =H48*G70 -> 0 | I70: =I48*H70 -> 0 | J70: =J48*I70 -> 0 | K70: =K48*J70 -> 0 | ... AL70: =AL48*AK70 -> 0
B72: Snittinntekt pr dag | D72: =AVERAGEIF(E57:AL57, ">0") -> 1175906
B74: Lott/hyre | C74: 0.29 | D74: =SUM(E74:AL74) -> 6820254.8 | E74: =E57*$C$74 -> 16261.46 | F74: =F57*$C$74 -> 77834.84 | G74: =G57*$C$74 -> 551020.88 | H74: =H57*$C$74 -> 146486.83 | I74: =I57*$C$74 -> 371782.32 | J74: =J57*$C$74 -> 575659.57 | K74: =K57*$C$74 -> 754172.26 | L74: =L57*$C$74 -> 769494.7 | ... AL74: =AL57*$C$74 -> 0
B75: Est. vedlikehold pr dag | C75: =11800000/322 -> 36645.963 | D75: =SUM(E75:AL75) -> 1245962.7 | E75: =$C$75 -> 36645.963 | F75: =$C$75 -> 36645.963 | G75: =$C$75 -> 36645.963 | H75: =$C$75 -> 36645.963 | I75: =$C$75 -> 36645.963 | J75: =$C$75 -> 36645.963 | K75: =$C$75 -> 36645.963 | L75: =$C$75 -> 36645.963 | ... AL75: =$C$75 -> 36645.963
B76: Est. "andre kostnader" pr dag | C76: =11400000/322 -> 35403.727 | D76: =SUM(E76:AL76) -> 1203726.7 | E76: =$C$76 -> 35403.727 | F76: =$C$76 -> 35403.727 | G76: =$C$76 -> 35403.727 | H76: =$C$76 -> 35403.727 | I76: =$C$76 -> 35403.727 | J76: =$C$76 -> 35403.727 | K76: =$C$76 -> 35403.727 | L76: =$C$76 -> 35403.727 | ... AL76: =$C$76 -> 35403.727
B77: Bunkers | C77: 8.5 | D77: =SUM(E77:AL77) -> 2609500 | E77: =$C$77*E40 -> 102000 | F77: =$C$77*F40 -> 110500 | G77: =$C$77*G40 -> 110500 | H77: =$C$77*H40 -> 110500 | I77: =$C$77*I40 -> 110500 | J77: =$C$77*J40 -> 110500 | K77: =$C$77*K40 -> 110500 | L77: =$C$77*L40 -> 110500 | ... AL77: =$C$77*AL40 -> 0
B78: Est. Driftsres. f. avskrivninger | C78: =SUM(E78:AL78) -> 11638676 | D78: =D57-D74-D75-D76-D77 -> 11638676 | E78: =E57-E74-E75-E76-E77 -> -134237.15 | F78: =F57-F74-F75-F76-F77 -> 8011.4706 | G78: =G57-G74-G75-G76-G77 -> 1166501.4 | H78: =H57-H74-H75-H76-H77 -> 176090.48 | I78: =I57-I74-I75-I76-I77 -> 727675.99 | J78: =J57-J74-J75-J76-J77 -> 1226823.7 | K78: =K57-K74-K75-K76-K77 -> 1663872.1 | ... AL78: =AL57-AL74-AL75-AL76-AL77 -> -72049.689
B79: Akkumulert | E79: =E78 -> -134237.15 | F79: =F78+E79 -> -126225.68 | G79: =G78+F79 -> 1040275.8 | H79: =H78+G79 -> 1216366.2 | I79: =I78+H79 -> 1944042.2 | J79: =J78+I79 -> 3170866 | K79: =K78+J79 -> 4834738 | L79: =L78+K79 -> 6536123.6 | M79: =M78+L79 -> 7008203.2 | ... AL79: =AL78+AK79 -> 11638676
D80: =D78/D57 -> 0.49488121
B82: Bunkers pr kg produkt | C82: =D40/D25 -> 0.66990929

Sheet Tur 8 2022 
B2: Navn | C2: "Breidtind"
B3: Turnr | C3: 8
B4: Tur start | C4: 44763
B5: Tur slutt | C5: 44797
B7: Aktivitet | D7: Totalt | E7: 44797 | F7: 44798 | G7: 44799 | H7: 44800 | I7: 44801 | J7: 44802 | K7: 44803 | L7: 44804 | M7: 44805 | N7: 44806 | O7: 44807 | P7: 44808 | Q7: 44809 | R7: 44810 | S7: 44811 | T7: 44812 | U7: 44813 | V7: 44814 | W7: 44815 | X7: 44816 | Y7: 44817 | Z7: 44818 | AA7: 44819 | AB7: 44820 | AC7: 44821 | AD7: 44822 | AE7: 44823 | AF7: 44824 | AG7: 44825 | AH7: 44826 | AI7: 44827 | AJ7: 44828 | AK7: 44829 | AL7: 44830 | AM7: 44831 | AN7: 44832 | AO7: 44833 | AP7: 44834 | AQ7: 44835 | AR7: 44836
B8: Fiske | C8: timer | D8: =SUM(E8:AL8) -> 540 | E8: 1 | F8: 14 | G8: 24 | H8: 22 | I8: 18 | J8: 7 | K8: 18 | L8: 24 | M8: 24 | N8: 21 | O8: 24 | P8: 24 | Q8: 24 | R8: 24 | S8: 24 | T8: 16 | U8: 13 | V8: 19 | W8: 21 | X8: 2 | Y8: 20 | Z8: 24 | AA8: 16 | AB8: 0 | AC8: 0 | AD8: 0 | AE8: 0 | AF8: 0 | AG8: 16 | AH8: 24 | AI8: 24 | AJ8: 24 | AK8: 16 | AL8: 12 | AM8: 24 | AN8: 18 | AO8: 24 | AP8: 18 | AQ8: 24 | AR8: 19
B9: Seiling | C9: timer | D9: =SUM(E9:AI9) -> 102 | E9: 5 | F9: 10 | G9: 0 | H9: 2 | I9: 6 | J9: 17 | K9: 6 | L9: 0 | M9: 0 | N9: 3 | O9: 0 | P9: 0 | Q9: 0 | R9: 0 | S9: 0 | T9: 8 | U9: 11 | V9: 5 | W9: 3 | X9: 22 | Y9: 4 | Z9: 0 | AB9: 0 | AC9: 0 | AD9: 0 | AE9: 0 | AF9: 0 | AG9: 0 | AH9: 0 | AI9: 0 | AJ9: 0 | AK9: 8 | AL9: 12 | AM9: 0 | AN9: 6 | AO9: 0 | AP9: 6 | AQ9: 0 | AR9: 5
B10: Teknisk (feil, problem) | C10: timer | D10: =SUM(E10:AI10) -> 32 | E10: 0 | F10: 0 | G10: 0 | H10: 0 | I10: 0 | J10: 0 | K10: 0 | L10: 0 | M10: 0 | N10: 0 | O10: 0 | P10: 0 | Q10: 0 | R10: 0 | S10: 0 | T10: 0 | U10: 0 | V10: 0 | W10: 0 | X10: 0 | Y10: 0 | Z10: 0 | AA10: 8 | AB10: 24 | AC10: 0 | AD10: 0 | AE10: 0 | AF10: 0 | AG10: 0 | AH10: 0 | AI10: 0 | AJ10: 0 | AK10: 0 | AL10: 0 | AM10: 0 | AN10: 0 | AO10: 0 | AP10: 0 | AQ10: 0 | AR10: 0
B11: Vasking | C11: timer | D11: =SUM(E11:AI11) -> 0 | E11: 0 | F11: 0 | G11: 0 | H11: 0 | I11: 0 | J11: 0 | K11: 0 | L11: 0 | M11: 0 | N11: 0 | O11: 0 | P11: 0 | Q11: 0 | R11: 0 | S11: 0 | T11: 0 | U11: 0 | V11: 0 | W11: 0 | X11: 0 | Y11: 0 | Z11: 0 | AA11: 0 | AB11: 0 | AC11: 0 | AD11: 0 | AE11: 0 | AF11: 0 | AG11: 0 | AH11: 0 | AI11: 0 | AJ11: 0 | AK11: 0 | AL11: 0 | AM11: 0 | AN11: 0 | AO11: 0 | AP11: 0 | AQ11: 0 | AR11: 0
B12: Lossing | C12: timer | D12: =SUM(E12:AI12) -> 8 | E12: 8 | F12: 0 | G12: 0 | H12: 0 | I12: 0 | J12: 0 | K12: 0 | L12: 0 | M12: 0 | N12: 0 | O12: 0 | P12: 0 | Q12: 0 | R12: 0 | S12: 0 | T12: 0 | U12: 0 | V12: 0 | W12: 0 | X12: 0 | Y12: 0 | Z12: 0 | AA12: 0 | AB12: 0 | AC12: 0 | AD12: 0 | AE12: 0 | AF12: 0 | AG12: 0 | AH12: 0 | AI12: 0 | AJ12: 0 | AK12: 0 | AL12: 0 | AM12: 0 | AN12: 0 | AO12: 0 | AP12: 0 | AQ12: 0 | AR12: 0
B13: Bunkring | C13: timer | D13: =SUM(E13:AI13) -> 0 | E13: 0 | F13: 0 | G13: 0 | H13: 0 | I13: 0 | J13: 0 | K13: 0 | L13: 0 | M13: 0 | N13: 0 | O13: 0 | P13: 0 | Q13: 0 | R13: 0 | S13: 0 | T13: 0 | U13: 0 | V13: 0 | W13: 0 | X13: 0 | Y13: 0 | Z13: 0 | AA13: 0 | AB13: 0 | AC13: 0 | AD13: 0 | AE13: 0 | AF13: 0 | AG13: 0 | AH13: 0 | AI13: 0 | AJ13: 0 | AK13: 0 | AL13: 0 | AM13: 0 | AN13: 0 | AO13: 0 | AP13: 0 | AQ13: 0 | AR13: 0
B14: Annet | C14: timer | D14: =SUM(E14:AI14) -> 18 | E14: 10 | F14: 0 | G14: 0 | H14: 0 | I14: 0 | J14: 0 | K14: 0 | L14: 0 | M14: 0 | N14: 0 | O14: 0 | P14: 0 | Q14: 0 | R14: 0 | S14: 0 | T14: 0 | U14: 0 | V14: 0 | W14: 0 | X14: 0 | Y14: 0 | Z14: 0 | AA14: 0 | AB14: 0 | AC14: 0 | AD14: 0 | AE14: 0 | AF14: 0 | AG14: 8 | AH14: 0 | AI14: 0 | AJ14: 0 | AK14: 0 | AL14: 0 | AM14: 0 | AN14: 0 | AO14: 0 | AP14: 0 | AQ14: 0 | AR14: 0
B15: SUM | C15: timer | D15: =SUM(E15:AI15) -> 648 | E15: =SUM(E8:E14) -> 24 | F15: =SUM(F8:F14) -> 24 | G15: =SUM(G8:G14) -> 24 | H15: =SUM(H8:H14) -> 24 | I15: =SUM(I8:I14) -> 24 | J15: =SUM(J8:J14) -> 24 | K15: =SUM(K8:K14) -> 24 | L15: =SUM(L8:L14) -> 24 | ... AR15: =SUM(AR8:AR14) -> 24
B17: Felt/område | C17: Navn | D17: =SUM(E17:AI17) -> 0 | G17: sørbakken | H17: sørbakken | I17: sørbakken | K17: storfjordrenna | L17: Storfjordrenna | M17: storfjordrenna | N17: storfordrenna | O17: øst i kveithålla | P17: kveithålla | Q17: storfjordrenna | R17: storfjordrenna | S17: storfjordrenna | T17: storfjordrenna | U17: lillebanken | V17: thor iversen | W17: øst for Thor iversen | X17: seiling til fugløybanken | Y17: fugløybanken | Z17: fugeløybanken | AA17: nordtåga | AE17: Nordtåga | AF17: Tromsø | AG17: Fugløybanken | AH17: Vestersnaget | AI17: Nordtåga | AJ17: Fugløyb | AK17: Vsnag Fuglb | AL17: Sørbakken | AM17: Sørbakken | AN17: Leirdjupet | AO17: Sørbakken | AP17: Bjørnøya vest | AQ17: Storfjorden | AR17: Storfjorden
B18: Tauetimer | C18: Timer | D18: =SUM(E18:AI18) -> 354.5 | F18: 12 | G18: 16,5 | H18: 21 | I18: 15 | J18: 7 | K18: 19 | L18: 19 | M18: 19 | N18: 16 | O18: 18 | P18: 19 | Q18: 16 | R18: 19 | S18: 18 | T18: 12,5 | U18: 7 | V18: 13 | W18: 22 | X18: 1,5 | Y18: 16 | Z18: 16 | AA18: 12,5 | AE18: 11 | AG18: 13 | AH18: 18.5 | AI18: 20 | AJ18: 20 | AK18: 13 | AL18: 9.5 | AM18: 18 | AN18: 13 | AO18: 17 | AP18: 15 | AQ18: 17.5 | AR18: 12
B19: Hal | C19: Antall | D19: =SUM(E19:AI19) -> 90 | F19: 4 | G19: 3 | H19: 4 | I19: 3 | J19: 2 | K19: 4 | L19: 4 | M19: 3 | N19: 4 | O19: 5 | P19: 3 | Q19: 3 | R19: 4 | S19: 4 | T19: 3 | U19: 2 | V19: 3 | W19: 4 | X19: 1 | Y19: 5 | Z19: 5 | AA19: 3 | AE19: 3 | AG19: 3 | AH19: 4 | AI19: 4 | AJ19: 4 | AK19: 3 | AL19: 2 | AM19: 4 | AN19: 3 | AO19: 3 | AP19: 3 | AQ19: 3 | AR19: 2
B20: Bruk (630/550) (eks 2xAlfredo) | C20: Type x antall | D20: =SUM(E20:AI20) -> 0 | F20: 2*630 | G20: 2*630 | H20: 2*630 | I20: 2*630 | J20: 2*630 | K20: 2*630 | L20: 2*630/3*630 | M20: 3*630 | N20: 3*630 | O20: 2*630 | P20: 3*630 | Q20: 3*630 | R20: 3*630 | S20: 3*630 | T20: 3*630 | U20: 2*630 | V20: 3*630 | W20: 3*630 | X20: 2*630 | Y20: 2*630 | Z20: 2*630 | AA20: 2*630 | AE20: 2*630 | AG20: 2*630 | AH20: 2*630 | AI20: 2*630 | AJ20: 2*630 | AK20: 2*630 | AL20: 2,5*630 | AM20: 2*630 | AN20: 3*630 | AO20: 3*630 | AP20: 3*630 | AQ20: 3*630 | AR20: 3*630
B21: Sjøtemperatur | C21: Grader
B23: Fangst pr tauetime kg | C23: =D25/D18 -> 2250.2285
A25: efangst | B25: Fangst total(produktvekt) | C25: (autosummering) | D25: =SUM(E25:AP25) -> 797706 | E25: =SUM(E26:E37) -> 0 | F25: =SUM(F26:F37) -> 46654 | G25: =SUM(G26:G37) -> 10117 | H25: =SUM(H26:H37) -> 7598 | I25: =SUM(I26:I37) -> 12928 | J25: =SUM(J26:J37) -> 1965 | K25: =SUM(K26:K37) -> 28132 | L25: =SUM(L26:L37) -> 33780 | ... AR25: =SUM(AR26:AR37) -> 10106
B26: Torsk | C26: kg | D26: =SUM(E26:AP26) -> 342761 | F26: 147 | G26: 8685 | H26: 6490 | I26: 9890 | J26: 1599 | K26: 26101 | L26: 32458 | M26: 20743 | N26: 17677 | O26: 23100 | P26: 16820 | Q26: 14442 | R26: 19825 | S26: 21278 | T26: 13538 | U26: 3428 | V26: 9300 | W26: 19235 | X26: 147 | Y26: 2599 | Z26: 3130 | AA26: 2011 | AB26: 0 | AC26: 0 | AD26: 0 | AE26: 3202 | AF26: 0 | AG26: 1731 | AH26: 2149 | AI26: 3508 | AJ26: 2096 | AK26: 625 | AL26: 8391 | AM26: 14684 | AN26: 13429 | AO26: 12123 | AP26: 8180 | AQ26: 12749 | AR26: 7948
B27: Hyse | C27: kg | D27: =SUM(E27:AP27) -> 10818 | F27: 48 | H27: 288 | I27: 1248 | J27: 144 | K27: 1680 | L27: 816 | M27: 48 | N27: 528 | O27: 432 | P27: 144 | Q27: 288 | R27: 816 | S27: 1152 | T27: 816 | U27: 96 | V27: 192 | W27: 288 | Y27: 48 | Z27: 0 | AA27: 0 | AB27: 0 | AC27: 0 | AD27: 0 | AE27: 288 | AF27: 0 | AG27: 96 | AH27: 96 | AI27: 672 | AJ27: 240 | AK27: 96 | AL27: 0 | AM27: 18 | AN27: 144 | AO27: 0 | AP27: 96 | AQ27: 384 | AR27: 0
B28: Sei N | C28: kg | D28: =SUM(E28:AP28) -> 323356 | F28: 43057 | K28: 0 | L28: 0 | M28: 0 | N28: 0 | O28: 0 | P28: 0 | Q28: 0 | R28: 0 | S28: 0 | T28: 0 | U28: 8300 | V28: 7974 | W28: 92 | X28: 1145 | Y28: 32952 | Z28: 44147 | AA28: 24481 | AB28: 0 | AC28: 0 | AD28: 0 | AE28: 49403 | AF28: 0 | AG28: 7540 | AH28: 47118 | AI28: 24466 | AJ28: 24504 | AK28: 7625 | AL28: 0 | AM28: 0 | AN28: 0 | AO28: 0 | AP28: 552 | AQ28: 0 | AR28: 0
B29: Sei S | C29: kg | D29: =SUM(E29:AP29) -> 1096 | K29: 0 | L29: 0 | M29: 0 | N29: 0 | O29: 0 | P29: 0 | Q29: 0 | R29: 0 | S29: 0 | T29: 0 | U29: 1096 | V29: 0 | W29: 0 | X29: 0 | Y29: 0 | Z29: 0 | AA29: 0 | AB29: 0 | AC29: 0 | AD29: 0 | AE29: 0 | AF29: 0 | AG29: 0 | AH29: 0 | AI29: 0 | AJ29: 0 | AK29: 0 | AL29: 0 | AM29: 0 | AN29: 0 | AO29: 0 | AP29: 0 | AQ29: 0 | AR29: 0
B30: Uer rund | C30: kg | D30: =SUM(E30:AP30) -> 83108 | G30: 926 | H30: 360 | K30: 18 | L30: 36 | M30: 17622 | N30: 576 | O30: 16436 | P30: 3080 | Q30: 2780 | R30: 2600 | S30: 440 | T30: 580 | U30: 1060 | V30: 2320 | W30: 760 | X30: 120 | Y30: 0 | Z30: 0 | AA30: 0 | AB30: 0 | AC30: 0 | AD30: 0 | AE30: 738 | AF30: 0 | AG30: 486 | AH30: 108 | AI30: 1728 | AJ30: 2970 | AK30: 1404 | AL30: 248 | AM30: 8838 | AN30: 694 | AO30: 12708 | AP30: 3472 | AQ30: 5160 | AR30: 600
B31: Uer j/c | C31: kg | D31: =SUM(E31:AP31) -> 0 | K31: 0 | L31: 0 | M31: 0 | N31: 0 | O31: 0 | P31: 0 | Q31: 0 | R31: 0 | S31: 0 | T31: 0 | U31: 0 | V31: 0 | W31: 0 | Y31: 0 | Z31: 0 | AA31: 0 | AB31: 0 | AC31: 0 | AD31: 0 | AE31: 0 | AF31: 0 | AG31: 0 | AH31: 0 | AI31: 0 | AJ31: 0 | AK31: 0 | AL31: 0 | AM31: 0 | AN31: 0 | AO31: 0 | AP31: 0 | AQ31: 0 | AR31: 0
B32: Uer hoder | C32: kg | D32: =SUM(E32:AP32) -> 0 | K32: 0 | L32: 0 | M32: 0 | N32: 0 | O32: 0 | P32: 0 | Q32: 0 | R32: 0 | S32: 0 | T32: 0 | U32: 0 | V32: 0 | W32: 0 | Y32: 0 | Z32: 0 | AA32: 0 | AB32: 0 | AC32: 0 | AD32: 0 | AE32: 0 | AF32: 0 | AG32: 0 | AH32: 0 | AI32: 0 | AJ32: 0 | AK32: 0 | AL32: 0 | AM32: 0 | AN32: 0 | AO32: 0 | AP32: 0 | AQ32: 0 | AR32: 0
B33: Blåkveite | C33: kg | D33: =SUM(E33:AP33) -> 13840 | G33: 42 | H33: 231 | I33: 0 | J33: 0 | K33: 21 | L33: 84 | M33: 1790 | N33: 84 | O33: 189 | P33: 41 | Q33: 63 | R33: 4887 | S33: 1720 | T33: 582 | U33: 168 | V33: 166 | W33: 149 | X33: 0 | Y33: 0 | Z33: 0 | AA33: 0 | AB33: 0 | AC33: 0 | AD33: 0 | AE33: 0 | AF33: 0 | AG33: 0 | AH33: 0 | AI33: 0 | AJ33: 0 | AK33: 0 | AL33: 0 | AM33: 1929 | AN33: 1050 | AO33: 560 | AP33: 84 | AQ33: 1013 | AR33: 166
B34: Blåkveite hoder | C34: kg | D34: =SUM(E34:AP34) -> 908 | K34: 0 | L34: 0 | M34: 0 | N34: 0 | O34: 0 | P34: 0 | Q34: 0 | R34: 0 | S34: 0 | T34: 0 | U34: 0 | V34: 0 | W34: 0 | X34: 0 | Y34: 0 | Z34: 0 | AA34: 0 | AB34: 0 | AC34: 0 | AD34: 0 | AE34: 0 | AF34: 0 | AG34: 0 | AH34: 0 | AI34: 0 | AJ34: 0 | AK34: 0 | AL34: 0 | AM34: 481 | AN34: 279 | AO34: 148 | AP34: 0 | AQ34: 300 | AR34: 0
B35: Reke | C35: kg | D35: =SUM(E35:AP35) -> 0 | K35: 0 | L35: 0 | M35: 0 | N35: 0 | O35: 0 | P35: 0 | Q35: 0 | R35: 0 | S35: 0 | T35: 0 | U35: 0 | V35: 0 | W35: 0 | X35: 0 | Y35: 0 | Z35: 0 | AA35: 0 | AB35: 0 | AC35: 0 | AD35: 0 | AE35: 0 | AF35: 0 | AG35: 0 | AH35: 0 | AI35: 0 | AJ35: 0 | AK35: 0 | AL35: 0 | AM35: 0 | AN35: 0 | AO35: 0 | AP35: 0 | AQ35: 0 | AR35: 0
B36: Reke kok | C36: kg | D36: =SUM(E36:AP36) -> 0 | K36: 0 | L36: 0 | M36: 0 | N36: 0 | O36: 0 | P36: 0 | Q36: 0 | R36: 0 | S36: 0 | T36: 0 | U36: 0 | V36: 0 | W36: 0 | X36: 0 | Y36: 0 | Z36: 0 | AA36: 0 | AB36: 0 | AC36: 0 | AD36: 0 | AE36: 0 | AF36: 0 | AG36: 0 | AH36: 0 | AI36: 0 | AJ36: 0 | AK36: 0 | AL36: 0 | AM36: 0 | AN36: 0 | AO36: 0 | AP36: 0 | AQ36: 0 | AR36: 0
B37: Bifangst/Annet | C37: kg | D37: =SUM(E37:AP37) -> 21819 | F37: 3402 | G37: 464 | H37: 229 | I37: 1790 | J37: 222 | K37: 312 | L37: 386 | M37: 92 | N37: 358 | O37: 326 | P37: 1750 | Q37: 898 | R37: 828 | S37: 340 | T37: 462 | V37: 3668 | W37: 222 | X37: 288 | Y37: 676 | Z37: 1920 | AA37: 388 | AB37: 0 | AC37: 0 | AD37: 0 | AE37: 0 | AF37: 0 | AG37: 56 | AH37: 604 | AI37: 478 | AJ37: 294 | AK37: 342 | AL37: 66 | AM37: 0 | AN37: 50 | AO37: 50 | AP37: 858 | AQ37: 675 | AR37: 1392
B38: Koke-% reke | D38: =D36/D25 -> 0 | E38: =E36/E25 -> #DIV/0! | F38: =F36/F25 -> 0 | G38: =G36/G25 -> 0 | H38: =H36/H25 -> 0 | I38: =I36/I25 -> 0 | J38: =J36/J25 -> 0 | K38: 0 | L38: =L36/L25 -> 0 | M38: =M36/M25 -> 0 | N38: =N36/N25 -> 0 | O38: =O36/O25 -> 0 | P38: =P36/P25 -> 0 | Q38: =Q36/Q25 -> 0 | R38: =R36/R25 -> 0 | S38: =S36/S25 -> 0 | ... AR38: =AR36/AR25 -> 0
A40: Maskin | B40: Bunkersforbruk | C40: ltr | D40: =SUM(E40:AI40) -> 432000 | E40: 5000 | F40: 15000 | G40: 14000 | H40: 15000 | I40: 15000 | J40: 17000 | K40: 13000 | L40: 15000 | M40: 19000 | N40: 17000 | O40: 15000 | P40: 17000 | Q40: 18000 | R40: 18000 | S40: 18000 | T40: 18000 | U40: 16000 | V40: 16000 | W40: 19000 | X40: 18000 | Y40: 15000 | Z40: 15000 | AA40: 14000 | AB40: 3000 | AC40: 3000 | AD40: 3000 | AE40: 13000 | AF40: 7000 | AG40: 13000 | AH40: 14000 | AI40: 14000 | AJ40: 13000 | AK40: 14000 | AL40: 14000 | AM40: 15000 | AN40: 17000 | AO40: 17000 | AP40: 17000 | AQ40: 18000 | AR40: 16000
B41: Smørolje forbruk | C41: ltr | D41: =SUM(E41:AI41) -> 1800 | E41: 0 | F41: 0 | G41: 300 | H41: 0 | J41: 0 | K41: 0 | L41: 0 | M41: 0 | N41: 200 | O41: 0 | P41: 0 | Q41: 300 | S41: 0 | T41: 0 | U41: 0 | V41: 300 | X41: 0 | Y41: 200 | Z41: 0 | AA41: 0 | AB41: 0 | AC41: 0 | AD41: 0 | AE41: 300 | AF41: 0 | AH41: 200 | AI41: 0 | AJ41: 0 | AK41: 0 | AL41: 0 | AM41: 200 | AN41: 0 | AO41: 0 | AP41: 200 | AQ41: 0 | AR41: 0
A43: Fabrikk | B43: Timer uten produksjon, totalt | C43: timer | D43: =SUM(E43:AI43) -> 0 | E43: 0 | F43: 0 | G43: 0 | H43: 0 | I43: 0 | J43: 0 | K43: 0 | L43: 0 | M43: 0 | N43: 0 | O43: 0 | P43: 0 | Q43: 0 | R43: 0 | S43: 0 | T43: 0 | U43: 0 | V43: 0 | W43: 0 | X43: 0 | Y43: 0 | Z43: 0 | AA43: 0 | AB43: 0 | AC43: 0 | AD43: 0 | AE43: 0 | AF43: 0 | AG43: 0 | AH43: 0 | AI43: 0 | AJ43: 0 | AK43: 0 | AL43: 0 | AM43: 0 | AN43: 0 | AO43: 0 | AP43: 0 | AQ43: 0 | AR43: 0
B44: Mangel på fisk | C44: timer | D44: =SUM(E44:AI44) -> 0 | E44: 0 | F44: 0 | G44: 0 | H44: 0 | I44: 0 | J44: 0 | K44: 0 | L44: 0 | M44: 0 | N44: 0 | O44: 0 | P44: 0 | Q44: 0 | R44: 0 | S44: 0 | T44: 0 | U44: 0 | V44: 0 | W44: 0 | X44: 0 | Y44: 0 | Z44: 0 | AA44: 0 | AB44: 0 | AC44: 0 | AD44: 0 | AE44: 0 | AF44: 0 | AG44: 0 | AH44: 0 | AI44: 0 | AJ44: 0 | AK44: 0 | AL44: 0 | AM44: 0 | AN44: 0 | AO44: 0 | AP44: 0 | AQ44: 0 | AR44: 0
B45: Tekniske problem | C45: timer | D45: =SUM(E45:AI45) -> 0 | E45: 0 | F45: 0 | G45: 0 | H45: 0 | I45: 0 | J45: 0 | K45: 0 | L45: 0 | M45: 0 | N45: 0 | O45: 0 | P45: 0 | Q45: 0 | R45: 0 | S45: 0 | T45: 0 | U45: 0 | V45: 0 | W45: 0 | X45: 0 | Y45: 0 | Z45: 0 | AA45: 0 | AB45: 0 | AC45: 0 | AD45: 0 | AE45: 0 | AF45: 0 | AG45: 0 | AH45: 0 | AI45: 0 | AJ45: 0 | AK45: 0 | AL45: 0 | AM45: 0 | AN45: 0 | AO45: 0 | AP45: 0 | AQ45: 0 | AR45: 0
B46: Andre årsaker | C46: timer | D46: =SUM(E46:AI46) -> 0 | E46: 0 | F46: 0 | G46: 0 | H46: 0 | I46: 0 | J46: 0 | K46: 0 | L46: 0 | M46: 0 | N46: 0 | O46: 0 | P46: 0 | Q46: 0 | R46: 0 | S46: 0 | T46: 0 | U46: 0 | V46: 0 | W46: 0 | X46: 0 | Y46: 0 | Z46: 0 | AA46: 0 | AB46: 0 | AC46: 0 | AD46: 0 | AE46: 0 | AF46: 0 | AG46: 0 | AH46: 0 | AI46: 0 | AJ46: 0 | AK46: 0 | AL46: 0 | AM46: 0 | AN46: 0 | AO46: 0 | AP46: 0 | AQ46: 0 | AR46: 0
B47: Ensilasje, råstoff | C47: kg | D47: =SUM(E47:Y47) -> 235000 | E47: 0 | F47: 15000 | G47: 4000 | H47: 4000 | I47: 5000 | J47: 1000 | K47: 15000 | L47: 20000 | M47: 25000 | N47: 10000 | O47: 20000 | P47: 18000 | Q47: 10000 | R47: 20000 | S47: 15000 | T47: 10000 | U47: 5000 | V47: 12000 | W47: 10000 | X47: 1000 | Y47: 15000 | Z47: 15000 | AA47: 10000 | AB47: 0 | AC47: 0 | AD47: 0 | AE47: 0 | AF47: 0 | AG47: 0 | AH47: 0 | AI47: 0 | AJ47: 0 | AK47: 0 | AL47: 0 | AM47: 0 | AN47: 0 | AO47: 0 | AP47: 0 | AQ47: 0 | AR47: 0
B48: Ensilasje, syreforbruk | C48: kg | D48: =SUM(E48:Y48) -> 0 | E48: 0 | F48: 0 | G48: 0 | H48: 0 | I48: 0 | J48: 0 | K48: 0 | L48: 0 | M48: 0 | N48: 0 | O48: 0 | P48: 0 | Q48: 0 | R48: 0 | S48: 0 | T48: 0 | U48: 0 | V48: 0 | W48: 0 | X48: 0 | Y48: 0 | Z48: 0 | AA48: 0 | AB48: 0 | AC48: 0 | AD48: 0 | AE48: 0 | AF48: 0 | AG48: 0 | AH48: 0 | AI48: 0 | AJ48: 0 | AK48: 0 | AL48: 0 | AM48: 0 | AN48: 0 | AO48: 0 | AP48: 0 | AQ48: 0 | AR48: 0
A50: Kommentarer* | B50: Hendelser/Avvik: | C50: (overskrift) | D50: (overskrift) | E50: (overskrift) | F50: (overskrift) | G50: (overskrift) | H50: (overskrift) | I50: (overskrift) | J50: (overskrift) | K50: (overskrift) | L50: (overskrift) | M50: (overskrift) | N50: (overskrift) | O50: (overskrift) | P50: (overskrift) | Q50: (overskrift) | R50: (overskrift) | S50: (overskrift) | T50: (overskrift) | U50: (overskrift) | V50: (overskrift) | W50: (overskrift) | X50: (overskrift) | Y50: (overskrift) | Z50: (overskrift) | AA50: (overskrift) | AB50: (overskrift) | AC50: (overskrift) | AD50: (overskrift) | AE50: (overskrift) | AF50: (overskrift) | AG50: (overskrift) | AH50: (overskrift) | AI50: (overskrift) | AJ50: (overskrift) | AK50: (overskrift) | AL50: (overskrift) | AM50: (overskrift) | AN50: (overskrift) | AO50: (overskrift) | AP50: (overskrift) | AQ50: (overskrift) | AR50: (overskrift)
B51: HMS | C51: kommentar | D51: kommentar | E51: kommentar | F51: kommentar | G51: kommentar | H51: kommentar | I51: kommentar | J51: kommentar | K51: kommentar | L51: kommentar | M51: kommentar | N51: kommentar | O51: kommentar | P51: kommentar | Q51: kommentar | R51: kommentar | S51: kommentar | T51: kommentar | U51: kommentar | V51: kommentar | W51: kommentar | X51: kommentar | Y51: kommentar | Z51: kommentar | AA51: kommentar | AB51: kommentar | AC51: kommentar | AD51: kommentar | AE51: kommentar | AF51: kommentar | AG51: kommentar | AH51: kommentar | AI51: kommentar | AJ51: kommentar | AK51: kommentar | AL51: kommentar | AM51: kommentar | AN51: kommentar | AO51: kommentar | AP51: kommentar | AQ51: kommentar | AR51: kommentar
B52: Fiske | C52: kommentar | D52: kommentar | E52: kommentar | F52: kommentar | G52: kommentar | H52: kommentar | I52: kommentar | J52: kommentar | K52: kommentar | L52: kommentar | M52: kommentar | N52: kommentar | O52: kommentar | P52: Leiting | Q52: Splitting | R52: kommentar | S52: kommentar | T52: kommentar | U52: kommentar | V52: kommentar | W52: kommentar | X52: Feil på vinsj | Y52: kommentar | Z52: kommentar | AA52: kommentar | AB52: kommentar | AC52: kommentar | AD52: kommentar | AE52: kommentar | AF52: kommentar | AG52: kommentar | AH52: kommentar | AI52: kommentar | AJ52: kommentar | AK52: kommentar | AL52: kommentar | AM52: kommentar | AN52: kommentar | AO52: kommentar | AP52: kommentar | AQ52: kommentar | AR52: Avslitt ny sweepe under tauing. Vase på trålen. 3 timer tidstap.
B53: Produksjon | C53: kommentar | D53: kommentar | E53: kommentar | F53: kommentar | G53: kommentar | H53: kommentar | I53: kommentar | J53: kommentar | K53: kommentar | L53: kommentar | M53: Stopp i fabrikken | N53: Stopp i fabrikken | O53: kommentar | P53: kommentar | Q53: kommentar | R53: kommentar | S53: kommentar | T53: kommentar | U53: kommentar | V53: kommentar | W53: kommentar | X53: kommentar | Y53: kommentar | Z53: kommentar | AA53: kommentar | AB53: kommentar | AC53: kommentar | AD53: kommentar | AE53: kommentar | AF53: kommentar | AG53: kommentar | AH53: kommentar | AI53: kommentar | AJ53: kommentar | AK53: kommentar | AL53: kommentar | AM53: kommentar | AN53: kommentar | AO53: kommentar | AP53: kommentar | AQ53: kommentar | AR53: kommentar
B54: Drift/fartøy | C54: kommentar | D54: kommentar | E54: kommentar | F54: kommentar | G54: kommentar | H54: kommentar | I54: kommentar | J54: kommentar | K54: kommentar | L54: kommentar | M54: kommentar | N54: kommentar | O54: kommentar | P54: kommentar | Q54: kommentar | R54: kommentar | S54: kommentar | T54: kommentar | U54: kommentar | V54: kommentar | W54: kommentar | X54: kommentar | Y54: kommentar | Z54: kommentar | AA54: kommentar | AB54: kommentar | AC54: kommentar | AD54: kommentar | AE54: kommentar | AF54: kommentar | AG54: kommentar | AH54: kommentar | AI54: kommentar | AJ54: kommentar | AK54: kommentar | AL54: kommentar | AM54: kommentar | AN54: kommentar | AO54: kommentar | AP54: kommentar | AQ54: kommentar | AR54: kommentar
B56: Estimert fangstverdi | C56: kr | D56: =SUM(D57:D69) -> 28205639 | E56: =SUM(E57:E69) -> 0 | F56: =SUM(F57:F69) -> 1026854 | G56: =SUM(G57:G69) -> 475377 | H56: =SUM(H57:H69) -> 370168 | I56: =SUM(I57:I69) -> 578426 | J56: =SUM(J57:J69) -> 91131 | K56: =SUM(K57:K69) -> 1440839 | ... AR56: =SUM(AR57:AR69) -> 446680
B57: Torsk | C57: 53 | D57: =D26*$C57 -> 18166333 | E57: =E26*$C57 -> 0 | F57: =F26*$C57 -> 7791 | G57: =G26*$C57 -> 460305 | H57: =H26*$C57 -> 343970 | I57: =I26*$C57 -> 524170 | J57: =J26*$C57 -> 84747 | K57: =K26*$C57 -> 1383353 | ... AR57: =AR26*$C57 -> 421244
B58: Hyse | C58: 32 | D58: =D27*$C58 -> 346176 | E58: =E27*$C58 -> 0 | F58: =F27*$C58 -> 1536 | G58: =G27*$C58 -> 0 | H58: =H27*$C58 -> 9216 | I58: =I27*$C58 -> 39936 | J58: =J27*$C58 -> 4608 | K58: =K27*$C58 -> 53760 | ... AR58: =AR27*$C58 -> 0
B59: Sei N | C59: 23 | D59: =D28*$C59 -> 7437188 | E59: =E28*$C59 -> 0 | F59: =F28*$C59 -> 990311 | G59: =G28*$C59 -> 0 | H59: =H28*$C59 -> 0 | I59: =I28*$C59 -> 0 | J59: =J28*$C59 -> 0 | K59: =K28*$C59 -> 0 | ... AR59: =AR28*$C59 -> 0
B60: Sei S | C60: 15 | D60: =D29*$C60 -> 16440 | E60: =E29*$C60 -> 0 | F60: =F29*$C60 -> 0 | G60: =G29*$C60 -> 0 | H60: =H29*$C60 -> 0 | I60: =I29*$C60 -> 0 | J60: =J29*$C60 -> 0 | K60: =K29*$C60 -> 0 | ... AR60: =AR29*$C60 -> 0
B61: Uer rund | C61: 10 | D61: =D30*$C61 -> 831080 | E61: =E30*$C61 -> 0 | F61: =F30*$C61 -> 0 | G61: =G30*$C61 -> 9260 | H61: =H30*$C61 -> 3600 | I61: =I30*$C61 -> 0 | J61: =J30*$C61 -> 0 | K61: =K30*$C61 -> 180 | ... AR61: =AR30*$C61 -> 6000
B62: Uer j/c | C62: 19 | D62: =D31*$C62 -> 0 | E62: =E31*$C62 -> 0 | F62: =F31*$C62 -> 0 | G62: =G31*$C62 -> 0 | H62: =H31*$C62 -> 0 | I62: =I31*$C62 -> 0 | J62: =J31*$C62 -> 0 | K62: =K31*$C62 -> 0 | ... AR62: =AR31*$C62 -> 0
B63: Uer hoder | C63: 10 | D63: =D32*$C63 -> 0 | E63: =E32*$C63 -> 0 | F63: =F32*$C63 -> 0 | G63: =G32*$C63 -> 0 | H63: =H32*$C63 -> 0 | I63: =I32*$C63 -> 0 | J63: =J32*$C63 -> 0 | K63: =K32*$C63 -> 0 | ... AR63: =AR32*$C63 -> 0
B64: Blåkveite | C64: 50 | D64: =D33*$C64 -> 692000 | E64: =E33*$C64 -> 0 | F64: =F33*$C64 -> 0 | G64: =G33*$C64 -> 2100 | H64: =H33*$C64 -> 11550 | I64: =I33*$C64 -> 0 | J64: =J33*$C64 -> 0 | K64: =K33*$C64 -> 1050 | ... AR64: =AR33*$C64 -> 8300
B65: Blåkveite hoder | C65: 27.39 | D65: =D34*$C65 -> 24870.12 | E65: =E34*$C65 -> 0 | F65: =F34*$C65 -> 0 | G65: =G34*$C65 -> 0 | H65: =H34*$C65 -> 0 | I65: =I34*$C65 -> 0 | J65: =J34*$C65 -> 0 | K65: =K34*$C65 -> 0 | ... AR65: =AR34*$C65 -> 0
B66: Reke | C66: 26 | D66: =D35*$C66 -> 0 | E66: =E35*$C66 -> 0 | F66: =F35*$C66 -> 0 | G66: =G35*$C66 -> 0 | H66: =H35*$C66 -> 0 | I66: =I35*$C66 -> 0 | J66: =J35*$C66 -> 0 | K66: =K35*$C66 -> 0 | ... AR66: =AR35*$C66 -> 0
B67: Reke kok | C67: 48 | D67: =D36*$C67 -> 0 | E67: =E36*$C67 -> 0 | F67: =F36*$C67 -> 0 | G67: =G36*$C67 -> 0 | H67: =H36*$C67 -> 0 | I67: =I36*$C67 -> 0 | J67: =J36*$C67 -> 0 | K67: =K36*$C67 -> 0 | ... AR67: =AR36*$C67 -> 0
B68: Bifangst/Annet | C68: 8 | D68: =D37*$C68 -> 174552 | E68: =E37*$C68 -> 0 | F68: =F37*$C68 -> 27216 | G68: =G37*$C68 -> 3712 | H68: =H37*$C68 -> 1832 | I68: =I37*$C68 -> 14320 | J68: =J37*$C68 -> 1776 | K68: =K37*$C68 -> 2496 | ... AR68: =AR37*$C68 -> 11136
B69: Ensilasje | C69: 2.2 | D69: =D47*C69 -> 517000 | E69: =E47*D69 -> 0 | F69: =F47*E69 -> 0 | G69: =G47*F69 -> 0 | H69: =H47*G69 -> 0 | I69: =I47*H69 -> 0 | J69: =J47*I69 -> 0 | K69: =K47*J69 -> 0 | ... AR69: =AR47*AQ69 -> 0
B71: Snittinntekt pr dag | D71: =AVERAGEIF(E56:AL56, ">0") -> 849339.14
B73: Lott/hyre | C73: 0.29 | D73: =SUM(E73:AL73) -> 7142942.2 | E73: =E56*$C$73 -> 0 | F73: =F56*$C$73 -> 297787.66 | G73: =G56*$C$73 -> 137859.33 | H73: =H56*$C$73 -> 107348.72 | I73: =I56*$C$73 -> 167743.54 | J73: =J56*$C$73 -> 26427.99 | K73: =K56*$C$73 -> 417843.31 | L73: =L56*$C$73 -> 508669.86 | ... AR73: =AR56*$C$73 -> 129537.2
B74: Est. vedlikehold pr dag | C74: =11800000/322 -> 36645.963 | D74: =SUM(E74:AL74) -> 1245962.7 | E74: =$C$74 -> 36645.963 | F74: =$C$74 -> 36645.963 | G74: =$C$74 -> 36645.963 | H74: =$C$74 -> 36645.963 | I74: =$C$74 -> 36645.963 | J74: =$C$74 -> 36645.963 | K74: =$C$74 -> 36645.963 | L74: =$C$74 -> 36645.963 | ... AR74: =$C$74 -> 36645.963
B75: Est. "andre kostnader" pr dag | C75: =11400000/322 -> 35403.727 | D75: =SUM(E75:AL75) -> 1203726.7 | E75: =$C$75 -> 35403.727 | F75: =$C$75 -> 35403.727 | G75: =$C$75 -> 35403.727 | H75: =$C$75 -> 35403.727 | I75: =$C$75 -> 35403.727 | J75: =$C$75 -> 35403.727 | K75: =$C$75 -> 35403.727 | L75: =$C$75 -> 35403.727 | ... AR75: =$C$75 -> 35403.727
B76: Bunkers | C76: 9.67 | D76: =SUM(E76:AL76) -> 4573910 | E76: =$C$76*E40 -> 48350 | F76: =$C$76*F40 -> 145050 | G76: =$C$76*G40 -> 135380 | H76: =$C$76*H40 -> 145050 | I76: =$C$76*I40 -> 145050 | J76: =$C$76*J40 -> 164390 | K76: =$C$76*K40 -> 125710 | L76: =$C$76*L40 -> 145050 | ... AR76: =$C$76*AR40 -> 154720
B77: Est. Driftsres. f. avskrivninger | C77: =SUM(E77:AL77) -> 10464293 | D77: =D56-D73-D74-D75-D76 -> 14039098 | E77: =E56-E73-E74-E75-E76 -> -120399.69 | F77: =F56-F73-F74-F75-F76 -> 511966.65 | G77: =G56-G73-G74-G75-G76 -> 130087.98 | H77: =H56-H73-H74-H75-H76 -> 45719.591 | I77: =I56-I73-I74-I75-I76 -> 193582.77 | J77: =J56-J73-J74-J75-J76 -> -171736.68 | K77: =K56-K73-K74-K75-K76 -> 825236 | ... AR77: =AR56-AR73-AR74-AR75-AR76 -> 90373.111
B78: Akkumulert | E78: =E77 -> -120399.69 | F78: =F77+E78 -> 391566.96 | G78: =G77+F78 -> 521654.94 | H78: =H77+G78 -> 567374.53 | I78: =I77+H78 -> 760957.3 | J78: =J77+I78 -> 589220.62 | K78: =K77+J78 -> 1414456.6 | L78: =L77+K78 -> 2442721.1 | M78: =M77+L78 -> 3157774.8 | ... AR78: =AR77+AQ78 -> 12123914
D79: =D77/D56 -> 0.49774081
B81: Bunkers pr kg produkt | C81: =D40/D25 -> 0.5415529

Sheet Ark1

Sheet Tur 9 2022
B2: Navn | C2: "Breidtind"
B3: Turnr | C3: 9
B4: Tur start | C4: 44825
B5: Tur slutt
B6: Skipper | C6: Kurt
B8: Aktivitet | D8: Totalt | E8: 44821 | F8: 44822 | G8: 44823 | H8: 44824 | I8: 44825 | J8: 44826 | K8: 44827 | L8: 44828 | M8: 44829 | N8: 44830 | O8: 44831 | P8: 44832 | Q8: 44833 | R8: 44834 | S8: 44835 | T8: 44836 | U8: 44837 | V8: 44838 | W8: 44839 | X8: 44840 | Y8: 44841 | Z8: 44842 | AA8: 44843 | AB8: 44844 | AC8: 44845 | AD8: 44846 | AE8: 44847 | AF8: 44848 | AG8: 44849 | AH8: 44850 | AI8: 44851 | AJ8: 44852 | AK8: 44853 | AL8: 44854 | AM8: 44855 | AN8: 44856 | AO8: 44857 | AP8: 44858 | AQ8: 44859 | AR8: 44860
B9: Fiske | C9: timer | D9: =SUM(E9:N9) -> 116 | E9: 0 | F9: 0 | G9: 0 | H9: 0 | I9: 16 | J9: 24 | K9: 24 | L9: 24 | M9: 16 | N9: 12 | O9: 24 | P9: 18 | Q9: 24 | R9: 18 | S9: 24 | T9: 19 | U9: 17 | V9: 24 | W9: 24 | X9: 24 | Y9: 6 | Z9: 24 | AA9: 24 | AB9: 23 | AC9: 24 | AD9: 24 | AE9: 24 | AF9: 24 | AG9: 20 | AH9: 24 | AI9: 24 | AJ9: 24 | AK9: 24 | AL9: 20 | AM9: 18 | AN9: 6 | AO9: 0 | AP9: 0 | AQ9: 0 | AR9: 0
B10: Seiling | C10: timer | D10: =SUM(E10:K10) -> 0 | E10: 0 | F10: 0 | G10: 0 | H10: 0 | I10: 0 | J10: 0 | K10: 0 | L10: 0 | M10: 8 | N10: 12 | O10: 0 | P10: 6 | Q10: 0 | R10: 6 | S10: 0 | T10: 5 | U10: 7 | V10: 0 | W10: 0 | X10: 0 | Y10: 18 | Z10: 0 | AA10: 0 | AB10: 0 | AC10: 0 | AD10: 0 | AE10: 0 | AF10: 0 | AG10: 0 | AH10: 0 | AI10: 0 | AJ10: 0 | AK10: 0 | AL10: 4 | AM10: 6 | AN10: 0 | AO10: 0 | AP10: 0 | AQ10: 0 | AR10: 0
B11: Teknisk (feil, problem) | C11: timer | D11: =SUM(E11:K11) -> 0 | E11: 0 | F11: 0 | G11: 0 | H11: 0 | I11: 0 | J11: 0 | K11: 0 | L11: 0 | M11: 0 | N11: 0 | O11: 0 | P11: 0 | Q11: 0 | R11: 0 | S11: 0 | T11: 0 | U11: 0 | V11: 0 | W11: 0 | X11: 0 | Y11: 0 | Z11: 0 | AA11: 0 | AB11: 0 | AC11: 0 | AD11: 0 | AE11: 0 | AF11: 0 | AG11: 4 | AH11: 0 | AI11: 0 | AJ11: 0 | AK11: 0 | AL11: 0 | AM11: 0 | AN11: 0 | AO11: 0 | AP11: 0 | AQ11: 0 | AR11: 0
B12: Vasking | C12: timer | D12: =SUM(E12:K12) -> 0 | E12: 0 | F12: 0 | G12: 0 | H12: 0 | I12: 0 | J12: 0 | K12: 0 | L12: 0 | M12: 0 | N12: 0 | O12: 0 | P12: 0 | Q12: 0 | R12: 0 | S12: 0 | T12: 0 | U12: 0 | V12: 0 | W12: 0 | X12: 0 | Y12: 0 | Z12: 0 | AA12: 0 | AB12: 0 | AC12: 0 | AD12: 0 | AE12: 0 | AF12: 0 | AG12: 0 | AH12: 0 | AI12: 0 | AJ12: 0 | AK12: 0 | AL12: 0 | AM12: 0 | AN12: 18 | AO12: 0 | AP12: 0 | AQ12: 0 | AR12: 0
B13: Lossing | C13: timer | D13: =SUM(E13:K13) -> 0 | E13: 0 | F13: 0 | G13: 0 | H13: 0 | I13: 0 | J13: 0 | K13: 0 | L13: 0 | M13: 0 | N13: 0 | O13: 0 | P13: 0 | Q13: 0 | R13: 0 | S13: 0 | T13: 0 | U13: 0 | V13: 0 | W13: 0 | X13: 0 | Y13: 0 | Z13: 0 | AA13: 0 | AB13: 0 | AC13: 0 | AD13: 0 | AE13: 0 | AF13: 0 | AG13: 0 | AH13: 0 | AI13: 0 | AJ13: 0 | AK13: 0 | AL13: 0 | AM13: 0 | AN13: 0 | AO13: 0 | AP13: 0 | AQ13: 0 | AR13: 0
B14: Bunkring | C14: timer | D14: =SUM(E14:K14) -> 0 | E14: 0 | F14: 0 | G14: 0 | H14: 0 | I14: 0 | J14: 0 | K14: 0 | L14: 0 | M14: 0 | N14: 0 | O14: 0 | P14: 0 | Q14: 0 | R14: 0 | S14: 0 | T14: 0 | U14: 0 | V14: 0 | W14: 0 | X14: 0 | Y14: 0 | Z14: 0 | AA14: 0 | AB14: 0 | AC14: 0 | AD14: 0 | AE14: 0 | AF14: 0 | AG14: 0 | AH14: 0 | AI14: 0 | AJ14: 0 | AK14: 0 | AL14: 0 | AM14: 0 | AN14: 0 | AO14: 0 | AP14: 0 | AQ14: 0 | AR14: 0
B15: Annet | C15: timer | D15: =SUM(E15:K15) -> 8 | E15: 0 | F15: 0 | G15: 0 | H15: 0 | I15: 8 | J15: 0 | K15: 0 | L15: 0 | M15: 0 | N15: 0 | O15: 0 | P15: 0 | Q15: 0 | R15: 0 | S15: 0 | T15: 0 | U15: 0 | V15: 0 | W15: 0 | X15: 0 | Y15: 0 | Z15: 0 | AA15: 0 | AB15: 1 | AC15: 0 | AD15: 0 | AE15: 0 | AF15: 0 | AG15: 0 | AH15: 0 | AI15: 0 | AJ15: 0 | AK15: 0 | AL15: 0 | AM15: 0 | AN15: 0 | AO15: 0 | AP15: 0 | AQ15: 0 | AR15: 0
B16: SUM | C16: timer | D16: =SUM(E16:K16) -> 72 | E16: =SUM(E9:E15) -> 0 | F16: =SUM(F9:F15) -> 0 | G16: =SUM(G9:G15) -> 0 | H16: =SUM(H9:H15) -> 0 | I16: =SUM(I9:I15) -> 24 | J16: =SUM(J9:J15) -> 24 | K16: =SUM(K9:K15) -> 24 | L16: =SUM(L9:L15) -> 24 | ... AR16: =SUM(AR9:AR15) -> 0
B18: Felt/område | C18: Navn | D18: =SUM(E18:K18) -> 0 | G18: Nordtåga | H18: Tromsø | I18: Fugløybanken | J18: Vestersnaget | K18: Nordtåga | L18: Fugløyb | M18: Vsnag Fuglb | N18: Sørbakken | O18: Sørbakken | P18: Leirdjupet | Q18: Sørbakken | R18: Bjørnøya vest | S18: Storfjorden | T18: Storfjorden | U18: Storfjorden | V18: Sørbakken | W18: Gardar | X18: Gardar | Y18: Thor Iversen | Z18: Thor I | AA18: Thor I | AB18: Thor I | AC18: Thot I | AD18: Thor i | AE18: Lillebanken | AF18: Masiryggen | AG18: Lillebanken | AH18: Lille Nord | AI18: Thor Iversen | AJ18: Masi Ryggen | AK18: Lillebanken | AL18: Sykkelsete | AM18: Sykkelsete | AN18: Sykkelsete
B19: Tauetimer | C19: Timer | D19: =SUM(E19:K19) -> 62.5 | G19: 11 | I19: 13 | J19: 18.5 | K19: 20 | L19: 20 | M19: 13 | N19: 9.5 | O19: 18 | P19: 13 | Q19: 17 | R19: 15 | S19: 17.5 | T19: 12 | U19: 15 | V19: 17.5 | W19: 17 | X19: 24.5 | Y19: 5.5 | Z19: 17 | AA19: 23.5 | AB19: 17 | AC19: 16 | AD19: 19 | AE19: 15 | AF19: 16 | AG19: 16 | AH19: 15 | AI19: 21 | AJ19: 16 | AK19: 21.3 | AL19: 11 | AM19: 11 | AN19: 5
B20: Hal | C20: Antall | D20: =SUM(E20:K20) -> 14 | G20: 3 | I20: 3 | J20: 4 | K20: 4 | L20: 4 | M20: 3 | N20: 2 | O20: 4 | P20: 3 | Q20: 3 | R20: 3 | S20: 3 | T20: 2 | U20: 3 | V20: 4 | W20: 3 | X20: 5 | Y20: 1 | Z20: 3 | AA20: 4 | AB20: 3 | AC20: 3 | AD20: 4 | AE20: 3 | AF20: 5 | AG20: 4 | AH20: 3 | AI20: 4 | AJ20: 3 | AK20: 4 | AL20: 3 | AM20: 4 | AN20: 1
B21: Bruk (630/550) (eks 2xAlfredo) | C21: Type x antall | D21: =SUM(E21:K21) -> 0 | G21: 2*630 | I21: 2*630 | J21: 2*630 | K21: 2*630 | L21: 2*630 | M21: 2*630 | N21: 2,5*630 | O21: 2*630 | P21: 3*630 | Q21: 3*630 | R21: 3*630 | S21: 3*630 | T21: 3*630 | U21: 3*360 | V21: 3*630 | W21: 2*630 | X21: 2*630 | Y21: 2*630 | Z21: 2*630 | AA21: 2*630 | AB21: 2*630 | AC21: 2*630 | AD21: 2*630 | AE21: 2*630 | AF21: 2*630 | AG21: 2*630 | AH21: 2*630 | AI21: 2*630 | AJ21: 2*630 | AK21: 2*630 | AL21: 2*630 | AM21: 2*630 | AN21: 2*630
B22: Sjøtemperatur | C22: Grader
B24: Fangst pr tauetime kg | C24: =D26/D19 -> 11646.64
A26: efangst | B26: Fangst total(produktvekt) | D26: =SUM(E26:AQ26) -> 727915 | E26: =SUM(E27:E38) -> 0 | F26: =SUM(F27:F38) -> 0 | G26: =SUM(G27:G38) -> 53631 | H26: =SUM(H27:H38) -> 0 | I26: =SUM(I27:I38) -> 9909 | J26: =SUM(J27:J38) -> 50075 | K26: =SUM(K27:K38) -> 30852 | L26: =SUM(L27:L38) -> 30104 | ... AR26: =SUM(AR27:AR38) -> 0
B27: Torsk | C27: kg | D27: =SUM(E27:AR27) -> 337936 | E27: 0 | F27: 0 | G27: 3202 | H27: 0 | I27: 1731 | J27: 2149 | K27: 3508 | L27: 2096 | M27: 625 | N27: 8391 | O27: 14684 | P27: 13429 | Q27: 12123 | R27: 8180 | S27: 12749 | T27: 7948 | U27: 7939 | V27: 13584 | W27: 20791 | X27: 23848 | Y27: 2996 | Z27: 17992 | AA27: 26127 | AB27: 15740 | AC27: 7709 | AD27: 13206 | AE27: 13397 | AF27: 12149 | AG27: 15173 | AH27: 10755 | AI27: 10439 | AJ27: 8538 | AK27: 10135 | AL27: 7465 | AM27: 7977 | AN27: 1161 | AO27: 0 | AP27: 0 | AQ27: 0 | AR27: 0
B28: Hyse | C28: kg | D28: =SUM(E28:AR28) -> 13362 | E28: 0 | F28: 0 | G28: 288 | H28: 0 | I28: 96 | J28: 96 | K28: 672 | L28: 240 | M28: 96 | N28: 0 | O28: 18 | P28: 144 | Q28: 0 | R28: 96 | S28: 384 | T28: 0 | U28: 48 | V28: 96 | W28: 96 | X28: 2448 | Y28: 0 | Z28: 960 | AA28: 384 | AB28: 0 | AC28: 192 | AD28: 480 | AE28: 816 | AF28: 1056 | AG28: 672 | AH28: 1104 | AI28: 864 | AJ28: 384 | AK28: 720 | AL28: 480 | AM28: 384 | AN28: 48 | AO28: 0 | AP28: 0 | AQ28: 0 | AR28: 0
B29: Sei N | C29: kg | D29: =SUM(E29:AR29) -> 227337 | E29: 0 | F29: 0 | G29: 49403 | H29: 0 | I29: 7540 | J29: 47118 | K29: 24466 | L29: 24504 | M29: 7625 | N29: 0 | O29: 0 | P29: 0 | Q29: 0 | R29: 552 | S29: 0 | T29: 0 | U29: 0 | V29: 0 | W29: 0 | X29: 0 | Y29: 0 | Z29: 0 | AA29: 0 | AB29: 0 | AC29: 0 | AD29: 0 | AE29: 46 | AF29: 9294 | AG29: 3785 | AH29: 9135 | AI29: 955 | AJ29: 3648 | AK29: 1551 | AL29: 18759 | AM29: 14253 | AN29: 4703 | AO29: 0 | AP29: 0 | AQ29: 0 | AR29: 0
B30: Sei S | C30: kg | D30: =SUM(E30:AR30) -> 0 | E30: 0 | F30: 0 | G30: 0 | H30: 0 | I30: 0 | J30: 0 | K30: 0 | L30: 0 | M30: 0 | N30: 0 | O30: 0 | P30: 0 | Q30: 0 | R30: 0 | S30: 0 | T30: 0 | U30: 0 | V30: 0 | W30: 0 | X30: 0 | Y30: 0 | Z30: 0 | AA30: 0 | AB30: 0 | AC30: 0 | AD30: 0 | AE30: 0 | AF30: 0 | AG30: 0 | AH30: 0 | AI30: 0 | AJ30: 0 | AK30: 0 | AL30: 0 | AM30: 0 | AN30: 0 | AO30: 0 | AP30: 0 | AQ30: 0 | AR30: 0
B31: Uer rund | C31: kg | D31: =SUM(E31:AR31) -> 127724 | E31: 0 | F31: 0 | G31: 738 | H31: 0 | I31: 486 | J31: 108 | K31: 1728 | L31: 2970 | M31: 1404 | N31: 248 | O31: 8838 | P31: 694 | Q31: 12708 | R31: 3472 | S31: 5160 | T31: 600 | U31: 4712 | V31: 20812 | W31: 1468 | X31: 2580 | Y31: 480 | Z31: 5106 | AA31: 2016 | AB31: 812 | AC31: 488 | AD31: 1224 | AE31: 2436 | AF31: 5320 | AG31: 2466 | AH31: 5248 | AI31: 2712 | AJ31: 1606 | AK31: 3034 | AL31: 6322 | AM31: 13572 | AN31: 6156 | AO31: 0 | AP31: 0 | AQ31: 0 | AR31: 0
B32: Uer j/c | C32: kg | D32: =SUM(E32:AR32) -> 0 | E32: 0 | F32: 0 | G32: 0 | H32: 0 | I32: 0 | J32: 0 | K32: 0 | L32: 0 | M32: 0 | N32: 0 | O32: 0 | P32: 0 | Q32: 0 | R32: 0 | S32: 0 | T32: 0 | U32: 0 | V32: 0 | W32: 0 | X32: 0 | Y32: 0 | Z32: 0 | AA32: 0 | AB32: 0 | AC32: 0 | AD32: 0 | AE32: 0 | AF32: 0 | AG32: 0 | AH32: 0 | AI32: 0 | AJ32: 0 | AK32: 0 | AL32: 0 | AM32: 0 | AN32: 0 | AO32: 0 | AP32: 0 | AQ32: 0 | AR32: 0
B33: Uer hoder | C33: kg | D33: =SUM(E33:AR33) -> 0 | E33: 0 | F33: 0 | G33: 0 | H33: 0 | I33: 0 | J33: 0 | K33: 0 | L33: 0 | M33: 0 | N33: 0 | O33: 0 | P33: 0 | Q33: 0 | R33: 0 | S33: 0 | T33: 0 | U33: 0 | V33: 0 | W33: 0 | X33: 0 | Y33: 0 | Z33: 0 | AA33: 0 | AB33: 0 | AC33: 0 | AD33: 0 | AE33: 0 | AF33: 0 | AG33: 0 | AH33: 0 | AI33: 0 | AJ33: 0 | AK33: 0 | AL33: 0 | AM33: 0 | AN33: 0 | AO33: 0 | AP33: 0 | AQ33: 0 | AR33: 0
B34: Blåkveite | C34: kg | D34: =SUM(E34:AR34) -> 8719 | E34: 0 | F34: 0 | G34: 0 | H34: 0 | I34: 0 | J34: 0 | K34: 0 | L34: 0 | M34: 0 | N34: 0 | O34: 1929 | P34: 1050 | Q34: 560 | R34: 84 | S34: 1013 | T34: 166 | U34: 100 | V34: 1437 | W34: 355 | X34: 1095 | Y34: 296 | Z34: 421 | AA34: 150 | AB34: 0 | AC34: 0 | AD34: 0 | AE34: 63 | AF34: 0 | AG34: 0 | AH34: 0 | AI34: 0 | AJ34: 0 | AK34: 0 | AL34: 0 | AM34: 0 | AN34: 0 | AO34: 0 | AP34: 0 | AQ34: 0 | AR34: 0
B35: Blåkveite hoder | C35: kg | D35: =SUM(E35:AR35) -> 2248 | E35: 0 | F35: 0 | G35: 0 | H35: 0 | I35: 0 | J35: 0 | K35: 0 | L35: 0 | M35: 0 | N35: 0 | O35: 481 | P35: 279 | Q35: 148 | R35: 0 | S35: 300 | T35: 0 | U35: 0 | V35: 440 | W35: 0 | X35: 320 | Y35: 80 | Z35: 120 | AA35: 80 | AB35: 0 | AC35: 0 | AD35: 0 | AE35: 0 | AF35: 0 | AG35: 0 | AH35: 0 | AI35: 0 | AJ35: 0 | AK35: 0 | AL35: 0 | AM35: 0 | AN35: 0 | AO35: 0 | AP35: 0 | AQ35: 0 | AR35: 0
B36: Reke | C36: kg | D36: =SUM(E36:AR36) -> 0 | E36: 0 | F36: 0 | G36: 0 | H36: 0 | I36: 0 | J36: 0 | K36: 0 | L36: 0 | M36: 0 | N36: 0 | O36: 0 | P36: 0 | Q36: 0 | R36: 0 | S36: 0 | T36: 0 | U36: 0 | V36: 0 | W36: 0 | X36: 0 | Y36: 0 | Z36: 0 | AA36: 0 | AB36: 0 | AC36: 0 | AD36: 0 | AE36: 0 | AF36: 0 | AG36: 0 | AH36: 0 | AI36: 0 | AJ36: 0 | AK36: 0 | AL36: 0 | AM36: 0 | AN36: 0 | AO36: 0 | AP36: 0 | AQ36: 0 | AR36: 0
B37: Reke kok | C37: kg | D37: =SUM(E37:AR37) -> 0 | E37: 0 | F37: 0 | G37: 0 | H37: 0 | I37: 0 | J37: 0 | K37: 0 | L37: 0 | M37: 0 | N37: 0 | O37: 0 | P37: 0 | Q37: 0 | R37: 0 | S37: 0 | T37: 0 | U37: 0 | V37: 0 | W37: 0 | X37: 0 | Y37: 0 | Z37: 0 | AA37: 0 | AB37: 0 | AC37: 0 | AD37: 0 | AE37: 0 | AF37: 0 | AG37: 0 | AH37: 0 | AI37: 0 | AJ37: 0 | AK37: 0 | AL37: 0 | AM37: 0 | AN37: 0 | AO37: 0 | AP37: 0 | AQ37: 0 | AR37: 0
B38: Bifangst/Annet | C38: kg | D38: =SUM(E38:AR38) -> 10589 | E38: 0 | F38: 0 | G38: 0 | H38: 0 | I38: 56 | J38: 604 | K38: 478 | L38: 294 | M38: 342 | N38: 66 | O38: 0 | P38: 50 | Q38: 50 | R38: 858 | S38: 675 | T38: 1392 | U38: 2050 | V38: 150 | W38: 100 | X38: 50 | Y38: 0 | Z38: 50 | AA38: 188 | AB38: 166 | AC38: 150 | AD38: 350 | AE38: 676 | AF38: 244 | AG38: 300 | AH38: 450 | AI38: 200 | AJ38: 250 | AK38: 200 | AL38: 150 | AM38: 0 | AN38: 0 | AO38: 0 | AP38: 0 | AQ38: 0 | AR38: 0
B39: Koke-% reke | D39: =D37/D26 -> 0 | E39: =E37/E26 -> #DIV/0! | F39: =F37/F26 -> #DIV/0! | G39: =G37/G26 -> 0 | H39: =H37/H26 -> #DIV/0! | I39: =I37/I26 -> 0 | J39: =J37/J26 -> 0 | K39: =K37/K26 -> 0 | ... AR39: =AR37/AR26 -> #DIV/0!
A41: Maskin | B41: Bunkersforbruk | C41: ltr | D41: =SUM(E41:AR41) -> 473000 | E41: 3000 | F41: 3000 | G41: 13000 | H41: 7000 | I41: 13000 | J41: 14000 | K41: 14000 | L41: 13000 | M41: 14000 | N41: 14000 | O41: 15000 | P41: 17000 | Q41: 17000 | R41: 17000 | S41: 18000 | T41: 16000 | U41: 17000 | V41: 17000 | W41: 13000 | X41: 13000 | Y41: 16000 | Z41: 13000 | AA41: 13000 | AB41: 13000 | AC41: 14000 | AD41: 13000 | AE41: 13000 | AF41: 13000 | AG41: 13000 | AH41: 14000 | AI41: 13000 | AJ41: 13000 | AK41: 14000 | AL41: 13000 | AM41: 10000 | AN41: 7000 | AO41: 0 | AP41: 0 | AQ41: 0 | AR41: 0
B42: Smørolje forbruk | C42: ltr | D42: =SUM(E42:AR42) -> 1700 | E42: 0 | F42: 0 | G42: 300 | H42: 0 | J42: 200 | K42: 0 | L42: 0 | M42: 0 | N42: 0 | O42: 200 | P42: 0 | Q42: 0 | R42: 200 | S42: 0 | T42: 0 | U42: 0 | V42: 200 | W42: 0 | X42: 0 | Y42: 0 | Z42: 200 | AA42: 0 | AB42: 0 | AC42: 200 | AD42: 0 | AE42: 0 | AF42: 0 | AG42: 0 | AH42: 200 | AI42: 0 | AJ42: 0 | AK42: 0 | AM42: 0 | AN42: 0 | AO42: 0 | AP42: 0 | AQ42: 0 | AR42: 0
B44: Bunkers pr kg fangst | C44: ltr/kg | D44: =D41/D26 -> 0.64980114 | E44: =E41/E26 -> #DIV/0! | F44: =F41/F26 -> #DIV/0! | G44: =G41/G26 -> 0.24239712 | H44: =H41/H26 -> #DIV/0! | I44: =I41/I26 -> 1.3119386 | J44: =J41/J26 -> 0.27958063 | K44: =K41/K26 -> 0.45377933 | ... AR44: =AR41/AR26 -> #DIV/0!
A46: Fabrikk | B46: Timer uten produksjon, totalt | C46: timer | D46: =SUM(E46:AR46) -> 0 | E46: 0 | F46: 0 | G46: 0 | H46: 0 | I46: 0 | J46: 0 | K46: 0 | L46: 0 | M46: 0 | N46: 0 | O46: 0 | P46: 0 | Q46: 0 | R46: 0 | S46: 0 | T46: 0 | U46: 0 | V46: 0 | W46: 0 | X46: 0 | Y46: 0 | Z46: 0 | AA46: 0 | AB46: 0 | AC46: 0 | AD46: 0 | AE46: 0 | AF46: 0 | AG46: 0 | AH46: 0 | AI46: 0 | AJ46: 0 | AK46: 0 | AL46: 0 | AM46: 0 | AN46: 0 | AO46: 0 | AP46: 0 | AQ46: 0 | AR46: 0
B47: Mangel på fisk | C47: timer | D47: =SUM(E47:AR47) -> 0 | E47: 0 | F47: 0 | G47: 0 | H47: 0 | I47: 0 | J47: 0 | K47: 0 | L47: 0 | M47: 0 | N47: 0 | O47: 0 | P47: 0 | Q47: 0 | R47: 0 | S47: 0 | T47: 0 | U47: 0 | V47: 0 | W47: 0 | X47: 0 | Y47: 0 | Z47: 0 | AA47: 0 | AB47: 0 | AC47: 0 | AD47: 0 | AE47: 0 | AF47: 0 | AG47: 0 | AH47: 0 | AI47: 0 | AJ47: 0 | AK47: 0 | AL47: 0 | AM47: 0 | AN47: 0 | AO47: 0 | AP47: 0 | AQ47: 0 | AR47: 0
B48: Tekniske problem | C48: timer | D48: =SUM(E48:AR48) -> 0 | E48: 0 | F48: 0 | G48: 0 | H48: 0 | I48: 0 | J48: 0 | K48: 0 | L48: 0 | M48: 0 | N48: 0 | O48: 0 | P48: 0 | Q48: 0 | R48: 0 | S48: 0 | T48: 0 | U48: 0 | V48: 0 | W48: 0 | X48: 0 | Y48: 0 | Z48: 0 | AA48: 0 | AB48: 0 | AC48: 0 | AD48: 0 | AE48: 0 | AF48: 0 | AG48: 0 | AH48: 0 | AI48: 0 | AJ48: 0 | AK48: 0 | AL48: 0 | AM48: 0 | AN48: 0 | AO48: 0 | AP48: 0 | AQ48: 0 | AR48: 0
B49: Andre årsaker | C49: timer | D49: =SUM(E49:AR49) -> 0 | E49: 0 | F49: 0 | G49: 0 | H49: 0 | I49: 0 | J49: 0 | K49: 0 | L49: 0 | M49: 0 | N49: 0 | O49: 0 | P49: 0 | Q49: 0 | R49: 0 | S49: 0 | T49: 0 | U49: 0 | V49: 0 | W49: 0 | X49: 0 | Y49: 0 | Z49: 0 | AA49: 0 | AB49: 0 | AC49: 0 | AD49: 0 | AE49: 0 | AF49: 0 | AG49: 0 | AH49: 0 | AI49: 0 | AJ49: 0 | AK49: 0 | AL49: 0 | AM49: 0 | AN49: 0 | AO49: 0 | AP49: 0 | AQ49: 0 | AR49: 0
B50: Ensilasje, råstoff | C50: kg | D50: =SUM(E50:AR50) -> 300000 | E50: 0 | F50: 0 | G50: 0 | H50: 0 | I50: 0 | J50: 0 | K50: 0 | L50: 0 | M50: 0 | N50: 0 | O50: 0 | P50: 0 | Q50: 0 | R50: 0 | S50: 0 | T50: 0 | U50: 0 | V50: 0 | W50: 0 | X50: 0 | Y50: 0 | Z50: 0 | AA50: 0 | AB50: 0 | AC50: 255000 | AD50: 0 | AE50: 0 | AF50: 0 | AG50: 0 | AH50: 45000 | AI50: 0 | AJ50: 0 | AK50: 0 | AL50: 0 | AM50: 0 | AN50: 0 | AO50: 0 | AP50: 0 | AQ50: 0 | AR50: 0
B51: Ensilasje, syreforbruk | C51: kg | D51: =SUM(E51:AR51) -> 11300 | E51: 0 | F51: 0 | G51: 0 | H51: 0 | I51: 0 | J51: 0 | K51: 0 | L51: 0 | M51: 0 | N51: 0 | O51: 0 | P51: 0 | Q51: 0 | R51: 0 | S51: 0 | T51: 0 | U51: 0 | V51: 0 | W51: 0 | X51: 0 | Y51: 0 | Z51: 0 | AA51: 0 | AB51: 0 | AC51: 9500 | AD51: 0 | AE51: 0 | AF51: 0 | AG51: 0 | AH51: 1800 | AI51: 0 | AJ51: 0 | AK51: 0 | AL51: 0 | AM51: 0 | AN51: 0 | AO51: 0 | AP51: 0 | AQ51: 0 | AR51: 0
A53: Kommentarer* | B53: Hendelser/Avvik: | C53: (overskrift) | D53: (overskrift) | E53: (overskrift) | F53: (overskrift) | G53: (overskrift) | H53: (overskrift) | I53: (overskrift) | J53: (overskrift) | K53: (overskrift) | L53: (overskrift) | M53: (overskrift) | N53: (overskrift) | O53: (overskrift) | P53: (overskrift) | Q53: (overskrift) | R53: (overskrift) | S53: (overskrift) | T53: (overskrift) | U53: (overskrift) | V53: (overskrift) | W53: (overskrift) | X53: (overskrift) | Y53: (overskrift) | Z53: (overskrift) | AA53: (overskrift) | AB53: (overskrift) | AC53: (overskrift) | AD53: (overskrift) | AE53: (overskrift) | AF53: (overskrift) | AG53: (overskrift) | AH53: (overskrift) | AI53: (overskrift) | AJ53: (overskrift) | AK53: (overskrift) | AL53: (overskrift) | AM53: (overskrift) | AN53: (overskrift) | AO53: (overskrift) | AP53: (overskrift) | AQ53: (overskrift) | AR53: (overskrift)
B54: HMS | C54: kommentar | D54: kommentar | E54: kommentar | F54: kommentar | G54: kommentar | H54: kommentar | I54: kommentar | J54: kommentar | K54: kommentar | L54: kommentar | M54: kommentar | N54: kommentar | O54: kommentar | P54: kommentar | Q54: kommentar | R54: kommentar | S54: kommentar | T54: kommentar | U54: kommentar | V54: kommentar | W54: kommentar | X54: kommentar | Y54: kommentar | Z54: kommentar | AA54: kommentar | AB54: kommentar | AC54: kommentar | AD54: kommentar | AE54: kommentar | AF54: kommentar | AG54: kommentar | AH54: kommentar | AI54: kommentar | AJ54: kommentar | AK54: kommentar | AL54: kommentar | AM54: kommentar | AN54: kommentar | AO54: kommentar | AP54: kommentar | AQ54: kommentar | AR54: kommentar
B55: Fiske | C55: kommentar | D55: kommentar | E55: kommentar | F55: kommentar | G55: kommentar | H55: kommentar | I55: kommentar | J55: kommentar | K55: kommentar | L55: kommentar | M55: kommentar | N55: kommentar | O55: kommentar | P55: kommentar | Q55: kommentar | R55: kommentar | S55: kommentar | T55: Avslitt ny sweepe under tauing. Vase på trålen. 3 timer tidstap. | U55: kommentar | V55: kommentar | W55: kommentar | X55: kommentar | Y55: kommentar | Z55: kommentar | AA55: kommentar | AB55: kommentar | AC55: Leiting etter fiske | AD55: kommentar | AE55: kommentar | AF55: kommentar | AG55: kommentar | AH55: kommentar | AI55: kommentar | AJ55: kommentar | AK55: kommentar | AL55: kommentar | AM55: kommentar | AN55: kommentar | AO55: kommentar | AP55: kommentar | AQ55: kommentar | AR55: kommentar
B56: Produksjon | C56: kommentar | D56: kommentar | E56: kommentar | F56: kommentar | G56: kommentar | H56: kommentar | I56: kommentar | J56: kommentar | K56: kommentar | L56: kommentar | M56: kommentar | N56: kommentar | O56: kommentar | P56: kommentar | Q56: kommentar | R56: kommentar | S56: kommentar | T56: kommentar | U56: kommentar | V56: kommentar | W56: kommentar | X56: kommentar | Y56: kommentar | Z56: kommentar | AA56: kommentar | AB56: kommentar | AC56: kommentar | AD56: kommentar | AE56: kommentar | AF56: kommentar | AG56: kommentar | AH56: kommentar | AI56: kommentar | AJ56: kommentar | AK56: kommentar | AL56: Fryseriproblemer. Mye b vare pga stopp i fabrikken | AM56: Fryseritrøbbel | AN56: kommentar | AO56: kommentar | AP56: kommentar | AQ56: kommentar | AR56: kommentar
B57: Drift/fartøy | C57: kommentar | D57: kommentar | E57: kommentar | F57: kommentar | G57: kommentar | H57: kommentar | I57: kommentar | J57: kommentar | K57: kommentar | L57: kommentar | M57: kommentar | N57: kommentar | O57: kommentar | P57: kommentar | Q57: kommentar | R57: kommentar | S57: kommentar | T57: kommentar | U57: kommentar | V57: kommentar | W57: kommentar | X57: kommentar | Y57: kommentar | Z57: kommentar | AA57: kommentar | AB57: kommentar | AC57: kommentar | AD57: kommentar | AE57: kommentar | AF57: kommentar | AG57: kommentar | AH57: kommentar | AI57: kommentar | AJ57: kommentar | AK57: kommentar | AL57: Storm | AM57: kommentar | AN57: kommentar | AO57: kommentar | AP57: kommentar | AQ57: kommentar | AR57: kommentar
B59: Estimert fangstverdi | C59: kr | D59: =SUM(D60:D72) -> 26476418 | E59: =SUM(E60:E72) -> 0 | F59: =SUM(F60:F72) -> 0 | G59: =SUM(G60:G72) -> 1322571 | H59: =SUM(H60:H72) -> 0 | I59: =SUM(I60:I72) -> 273543 | J59: =SUM(J60:J72) -> 1206595 | K59: =SUM(K60:K72) -> 791250 | ... AR59: =SUM(AR60:AR72) -> 0
B60: Torsk | C60: 53 | D60: =D27*$C60 -> 17910608 | E60: =E27*$C60 -> 0 | F60: =F27*$C60 -> 0 | G60: =G27*$C60 -> 169706 | H60: =H27*$C60 -> 0 | I60: =I27*$C60 -> 91743 | J60: =J27*$C60 -> 113897 | K60: =K27*$C60 -> 185924 | ... AR60: =AR27*$C60 -> 0
B61: Hyse | C61: 32 | D61: =D28*$C61 -> 427584 | E61: =E28*$C61 -> 0 | F61: =F28*$C61 -> 0 | G61: =G28*$C61 -> 9216 | H61: =H28*$C61 -> 0 | I61: =I28*$C61 -> 3072 | J61: =J28*$C61 -> 3072 | K61: =K28*$C61 -> 21504 | ... AR61: =AR28*$C61 -> 0
B62: Sei N | C62: 23 | D62: =D29*$C62 -> 5228751 | E62: =E29*$C62 -> 0 | F62: =F29*$C62 -> 0 | G62: =G29*$C62 -> 1136269 | H62: =H29*$C62 -> 0 | I62: =I29*$C62 -> 173420 | J62: =J29*$C62 -> 1083714 | K62: =K29*$C62 -> 562718 | ... AR62: =AR29*$C62 -> 0
B63: Sei S | C63: 15 | D63: =D30*$C63 -> 0 | E63: =E30*$C63 -> 0 | F63: =F30*$C63 -> 0 | G63: =G30*$C63 -> 0 | H63: =H30*$C63 -> 0 | I63: =I30*$C63 -> 0 | J63: =J30*$C63 -> 0 | K63: =K30*$C63 -> 0 | ... AR63: =AR30*$C63 -> 0
B64: Uer rund | C64: 10 | D64: =D31*$C64 -> 1277240 | E64: =E31*$C64 -> 0 | F64: =F31*$C64 -> 0 | G64: =G31*$C64 -> 7380 | H64: =H31*$C64 -> 0 | I64: =I31*$C64 -> 4860 | J64: =J31*$C64 -> 1080 | K64: =K31*$C64 -> 17280 | ... AR64: =AR31*$C64 -> 0
B65: Uer j/c | C65: 19 | D65: =D32*$C65 -> 0 | E65: =E32*$C65 -> 0 | F65: =F32*$C65 -> 0 | G65: =G32*$C65 -> 0 | H65: =H32*$C65 -> 0 | I65: =I32*$C65 -> 0 | J65: =J32*$C65 -> 0 | K65: =K32*$C65 -> 0 | ... AR65: =AR32*$C65 -> 0
B66: Uer hoder | C66: 10 | D66: =D33*$C66 -> 0 | E66: =E33*$C66 -> 0 | F66: =F33*$C66 -> 0 | G66: =G33*$C66 -> 0 | H66: =H33*$C66 -> 0 | I66: =I33*$C66 -> 0 | J66: =J33*$C66 -> 0 | K66: =K33*$C66 -> 0 | ... AR66: =AR33*$C66 -> 0
B67: Blåkveite | C67: 50 | D67: =D34*$C67 -> 435950 | E67: =E34*$C67 -> 0 | F67: =F34*$C67 -> 0 | G67: =G34*$C67 -> 0 | H67: =H34*$C67 -> 0 | I67: =I34*$C67 -> 0 | J67: =J34*$C67 -> 0 | K67: =K34*$C67 -> 0 | ... AR67: =AR34*$C67 -> 0
B68: Blåkveite hoder | C68: 27.39 | D68: =D35*$C68 -> 61572.72 | E68: =E35*$C68 -> 0 | F68: =F35*$C68 -> 0 | G68: =G35*$C68 -> 0 | H68: =H35*$C68 -> 0 | I68: =I35*$C68 -> 0 | J68: =J35*$C68 -> 0 | K68: =K35*$C68 -> 0 | ... AR68: =AR35*$C68 -> 0
B69: Reke | C69: 26 | D69: =D36*$C69 -> 0 | E69: =E36*$C69 -> 0 | F69: =F36*$C69 -> 0 | G69: =G36*$C69 -> 0 | H69: =H36*$C69 -> 0 | I69: =I36*$C69 -> 0 | J69: =J36*$C69 -> 0 | K69: =K36*$C69 -> 0 | ... AR69: =AR36*$C69 -> 0
B70: Reke kok | C70: 48 | D70: =D37*$C70 -> 0 | E70: =E37*$C70 -> 0 | F70: =F37*$C70 -> 0 | G70: =G37*$C70 -> 0 | H70: =H37*$C70 -> 0 | I70: =I37*$C70 -> 0 | J70: =J37*$C70 -> 0 | K70: =K37*$C70 -> 0 | ... AR70: =AR37*$C70 -> 0
B71: Bifangst/Annet | C71: 8 | D71: =D38*$C71 -> 84712 | E71: =E38*$C71 -> 0 | F71: =F38*$C71 -> 0 | G71: =G38*$C71 -> 0 | H71: =H38*$C71 -> 0 | I71: =I38*$C71 -> 448 | J71: =J38*$C71 -> 4832 | K71: =K38*$C71 -> 3824 | ... AR71: =AR38*$C71 -> 0
B72: Ensilasje | C72: 3.5 | D72: =D50*C72 -> 1050000 | E72: =E50*$C$72 -> 0 | F72: =F50*E72 -> 0 | G72: =G50*F72 -> 0 | H72: =H50*G72 -> 0 | I72: =I50*H72 -> 0 | J72: =J50*I72 -> 0 | K72: =K50*J72 -> 0 | L72: =L50*K72 -> 0 | M72: =M50*L72 -> 0 | ... AR72: =AR50*AQ72 -> 0
B74: Snittinntekt pr dag | D74: =AVERAGEIF(E59:N59, ">0") -> 712064.29
B76: Lott/hyre | C76: 0.29 | D76: =SUM(E76:N76) -> 1445490.5 | E76: =E59*$C$76 -> 0 | F76: =F59*$C$76 -> 0 | G76: =G59*$C$76 -> 383545.59 | H76: =H59*$C$76 -> 0 | I76: =I59*$C$76 -> 79327.47 | J76: =J59*$C$76 -> 349912.55 | K76: =K59*$C$76 -> 229462.5 | L76: =L59*$C$76 -> 207179.48 | ... AR76: =AR59*$C$76 -> 0
B77: Est. vedlikehold pr dag | C77: =11800000/322 -> 36645.963 | D77: =SUM(E77:N77) -> 366459.63 | E77: =$C$77 -> 36645.963 | F77: =$C$77 -> 36645.963 | G77: =$C$77 -> 36645.963 | H77: =$C$77 -> 36645.963 | I77: =$C$77 -> 36645.963 | J77: =$C$77 -> 36645.963 | K77: =$C$77 -> 36645.963 | L77: =$C$77 -> 36645.963 | ... AR77: =$C$77 -> 36645.963
B78: Est. "andre kostnader" pr dag | C78: =11400000/322 -> 35403.727 | D78: =SUM(E78:N78) -> 354037.27 | E78: =$C$78 -> 35403.727 | F78: =$C$78 -> 35403.727 | G78: =$C$78 -> 35403.727 | H78: =$C$78 -> 35403.727 | I78: =$C$78 -> 35403.727 | J78: =$C$78 -> 35403.727 | K78: =$C$78 -> 35403.727 | L78: =$C$78 -> 35403.727 | ... AR78: =$C$78 -> 35403.727
B79: Bunkers | C79: 9.67 | D79: =SUM(E79:N79) -> 1044360 | E79: =$C$79*E41 -> 29010 | F79: =$C$79*F41 -> 29010 | G79: =$C$79*G41 -> 125710 | H79: =$C$79*H41 -> 67690 | I79: =$C$79*I41 -> 125710 | J79: =$C$79*J41 -> 135380 | K79: =$C$79*K41 -> 135380 | L79: =$C$79*L41 -> 125710 | ... AR79: =$C$79*AR41 -> 0
B80: Est. Driftsres. f. avskrivninger | C80: =SUM(E80:N80) -> 1774102.6 | D80: =D59-D76-D77-D78-D79 -> 23266070 | E80: =E59-E76-E77-E78-E79 -> -101059.69 | F80: =F59-F76-F77-F78-F79 -> -101059.69 | G80: =G59-G76-G77-G78-G79 -> 741265.72 | H80: =H59-H76-H77-H78-H79 -> -139739.69 | I80: =I59-I76-I77-I78-I79 -> -3544.1594 | J80: =J59-J76-J77-J78-J79 -> 649252.76 | K80: =K59-K76-K77-K78-K79 -> 354357.81 | ... AR80: =AR59-AR76-AR77-AR78-AR79 -> -72049.689
B81: Akkumulert | E81: =E80 -> -101059.69 | F81: =F80+E81 -> -202119.38 | G81: =G80+F81 -> 539146.34 | H81: =H80+G81 -> 399406.65 | I81: =I80+H81 -> 395862.49 | J81: =J80+I81 -> 1045115.3 | K81: =K80+J81 -> 1399473.1 | L81: =L80+K81 -> 1708945.9 | M81: =M80+L81 -> 1663643.3 | ... AR81: =AR80+AQ81 -> 10596859
D82: =D80/D59 -> 0.87874691
B84: Bunkers pr kg produkt | C84: =D41/D26 -> 0.64980114

Sheet Tur 10 2022 
B2: Navn | C2: "Breidtind"
B3: Turnr | C3: 10
B4: Tur start | C4: 24-10-22
B5: Tur slutt
B6: Skipper | C6: Torgeir
B8: Aktivitet | D8: Totalt | E8: 44858 | F8: 44859 | G8: 44860 | H8: 44861 | I8: 44862 | J8: 44863 | K8: 44864 | L8: 44865 | M8: 44866 | N8: 44867 | O8: 44868 | P8: 44869 | Q8: 44870 | R8: 44871 | S8: 44872 | T8: 44873 | U8: 44874 | V8: 44875 | W8: 44876 | X8: 44877 | Y8: 44878 | Z8: 44879 | AA8: 44880 | AB8: 44881 | AC8: 44882 | AD8: 44883 | AE8: 44884 | AF8: 44885 | AG8: 44886 | AH8: 44887 | AI8: 44888 | AJ8: 44889 | AK8: 44890 | AL8: 44891 | AM8: 44892 | AN8: 44893 | AO8: 44894 | AP8: 44895 | AQ8: 44896 | AR8: 44897 | AS8: 44898 | AT8: 44899 | AU8: 44900 | AV8: 44901 | AW8: 44902
B9: Fiske | C9: timer | D9: =SUM(E9:N9) -> 167 | E9: 0 | F9: 0 | G9: 6 | H9: 17 | I9: 24 | J9: 24 | K9: 24 | L9: 24 | M9: 24 | N9: 24 | O9: 14 | P9: 24 | Q9: 21 | R9: 0 | S9: 12 | T9: 24 | U9: 24 | V9: 21 | W9: 24 | X9: 24 | Y9: 19 | Z9: 24 | AA9: 24 | AB9: 24 | AC9: 24 | AD9: 23 | AE9: 19 | AF9: 24 | AG9: 24 | AH9: 24 | AI9: 24 | AJ9: 24 | AK9: 24 | AL9: 19 | AM9: 19 | AN9: 22,5 | AO9: 0 | AP9: 0 | AQ9: 0 | AR9: 12 | AS9: 24 | AT9: 24 | AU9: 0 | AV9: 0 | AW9: 0
B10: Seiling | C10: timer | D10: =SUM(E10:K10) -> 26 | E10: 0 | F10: 1 | G10: 18 | H10: 7 | I10: 0 | J10: 0 | K10: 0 | L10: 0 | M10: 0 | N10: 0 | O10: 10 | P10: 0 | Q10: 3 | R10: 24 | S10: 12 | T10: 0 | U10: 0 | V10: 3 | W10: 0 | X10: 0 | Y10: 5 | Z10: 0 | AA10: 0 | AB10: 0 | AC10: 0 | AD10: 1 | AE10: 5 | AF10: 0 | AG10: 0 | AH10: 0 | AI10: 0 | AJ10: 0 | AK10: 0 | AL10: 5 | AM10: 5 | AN10: 1,5 | AO10: 0 | AP10: 0 | AQ10: 0 | AR10: 12 | AS10: 0 | AT10: 0 | AU10: 0 | AV10: 0 | AW10: 0
B11: Teknisk (feil, problem) | C11: timer | D11: =SUM(E11:K11) -> 29 | E11: 6 | F11: 23 | G11: 0 | H11: 0 | I11: 0 | J11: 0 | K11: 0 | L11: 0 | M11: 0 | N11: 0 | O11: 0 | P11: 0 | Q11: 0 | R11: 0 | S11: 0 | T11: 0 | U11: 0 | V11: 0 | W11: 0 | X11: 0 | Y11: 0 | Z11: 0 | AA11: 0 | AB11: 0 | AC11: 0 | AD11: 0 | AE11: 0 | AF11: 0 | AG11: 0 | AH11: 0 | AI11: 0 | AJ11: 0 | AK11: 0 | AL11: 0 | AM11: 0 | AN11: 0 | AO11: 0 | AP11: 0 | AQ11: 0 | AR11: 0 | AS11: 0 | AT11: 0 | AU11: 0 | AV11: 0 | AW11: 0
B12: Vasking | C12: timer | D12: =SUM(E12:K12) -> 5 | E12: 5 | F12: 0 | G12: 0 | H12: 0 | I12: 0 | J12: 0 | K12: 0 | L12: 0 | M12: 0 | N12: 0 | O12: 0 | P12: 0 | Q12: 0 | R12: 0 | S12: 0 | T12: 0 | U12: 0 | V12: 0 | W12: 0 | X12: 0 | Y12: 0 | Z12: 0 | AA12: 0 | AB12: 0 | AC12: 0 | AD12: 0 | AE12: 0 | AF12: 0 | AG12: 0 | AH12: 0 | AI12: 0 | AJ12: 0 | AK12: 0 | AL12: 0 | AM12: 0 | AN12: 0 | AO12: 0 | AP12: 0 | AQ12: 0 | AR12: 0 | AS12: 0 | AT12: 0 | AU12: 0 | AV12: 0 | AW12: 0
B13: Lossing | C13: timer | D13: =SUM(E13:K13) -> 13 | E13: 13 | F13: 0 | G13: 0 | H13: 0 | I13: 0 | J13: 0 | K13: 0 | L13: 0 | M13: 0 | N13: 0 | O13: 0 | P13: 0 | Q13: 0 | R13: 0 | S13: 0 | T13: 0 | U13: 0 | V13: 0 | W13: 0 | X13: 0 | Y13: 0 | Z13: 0 | AA13: 0 | AB13: 0 | AC13: 0 | AD13: 0 | AE13: 0 | AF13: 0 | AG13: 0 | AH13: 0 | AI13: 0 | AJ13: 0 | AK13: 0 | AL13: 0 | AM13: 0 | AN13: 0 | AO13: 0 | AP13: 0 | AQ13: 0 | AR13: 0 | AS13: 0 | AT13: 0 | AU13: 0 | AV13: 0 | AW13: 0
B14: Bunkring | C14: timer | D14: =SUM(E14:K14) -> 0 | E14: 0 | F14: 0 | G14: 0 | H14: 0 | I14: 0 | J14: 0 | K14: 0 | L14: 0 | M14: 0 | N14: 0 | O14: 0 | P14: 0 | Q14: 0 | R14: 0 | S14: 0 | T14: 0 | U14: 0 | V14: 0 | W14: 0 | X14: 0 | Y14: 0 | Z14: 0 | AA14: 0 | AB14: 0 | AC14: 0 | AD14: 0 | AE14: 0 | AF14: 0 | AG14: 0 | AH14: 0 | AI14: 0 | AJ14: 0 | AK14: 0 | AL14: 0 | AM14: 0 | AN14: 0 | AO14: 0 | AP14: 0 | AQ14: 0 | AR14: 0 | AS14: 0 | AT14: 0 | AU14: 0 | AV14: 0 | AW14: 0
B15: Annet | C15: timer | D15: =SUM(E15:K15) -> 0 | E15: 0 | F15: 0 | G15: 0 | H15: 0 | I15: 0 | J15: 0 | K15: 0 | L15: 0 | M15: 0 | N15: 0 | O15: 0 | P15: 0 | Q15: 0 | R15: 0 | S15: 0 | T15: 0 | U15: 0 | V15: 0 | W15: 0 | X15: 0 | Y15: 0 | Z15: 0 | AA15: 0 | AB15: 0 | AC15: 0 | AD15: 0 | AE15: 0 | AF15: 0 | AG15: 0 | AH15: 0 | AI15: 0 | AJ15: 0 | AK15: 0 | AL15: 0 | AM15: 0 | AN15: 0 | AO15: 0 | AP15: 0 | AQ15: 0 | AR15: 0 | AS15: 0 | AT15: 0 | AU15: 0 | AV15: 0 | AW15: 0
B16: SUM | C16: timer | D16: =SUM(E16:K16) -> 168 | E16: =SUM(E9:E15) -> 24 | F16: =SUM(F9:F15) -> 24 | G16: =SUM(G9:G15) -> 24 | H16: =SUM(H9:H15) -> 24 | I16: =SUM(I9:I15) -> 24 | J16: =SUM(J9:J15) -> 24 | K16: =SUM(K9:K15) -> 24 | L16: =SUM(L9:L15) -> 24 | ... AW16: =SUM(AW9:AW15) -> 0
B18: Felt/område | C18: Navn | D18: =SUM(E18:K18) -> 0 | E18: Tromsø | F18: Tromsø | G18: sørbakken | H18: sørkapp | I18: sørkapp | J18: sørkapp | K18: sørkapp | L18: sørkapp | M18: sørkapp | N18: sørkapp | O18: sørkapp | P18: gardar | Q18: gardar | R18: 0 | S18: sørbakken | T18: sørbakken | U18: sørbakken | V18: sørbakken | W18: sørbakken | X18: sørbakken | Y18: sørbakken | Z18: vestbakken | AA18: vestbakken | AB18: sørbakken | AC18: sørbakken | AD18: vestbakken | AE18: vestbakken | AF18: kveitholla | AG18: kveitholla | AH18: kveitholla | AI18: kveitholla | AJ18: kveitholla | AK18: kveitholla | AL18: kveitholla | AM18: vestbakken | AN18: gardar | AQ18: Tromsø | AR18: Fugløybanken | AS18: Sotbakken | AT18: Sotbakken | AU18: Tromsøfl. | AV18: Sotbakken
B19: Tauetimer | C19: Timer | D19: =SUM(E19:AR19) -> 468 | E19: 0 | F19: 0 | G19: 5 | H19: 10 | I19: 20 | J19: 20 | K19: 15 | L19: 20 | M19: 15 | N19: 20 | O19: 14 | P19: 18 | Q19: 17 | R19: 0 | S19: 4.5 | T19: 23.5 | U19: 19,5 | V19: 16 | W19: 19 | X19: 20 | Y19: 16 | Z19: 22 | AA19: 20 | AB19: 18,5 | AC19: 19 | AD19: 15,5 | AE19: 19 | AF19: 20 | AG19: 18 | AH19: 19,5 | AI19: 20,5 | AJ19: 19 | AK19: 19 | AL19: 14,5 | AM19: 14 | AN19: 15 | AO19: 0 | AR19: 10 | AS19: 20 | AT19: 15.5 | AU19: 13.5
B20: Hal | C20: Antall | D20: =SUM(E20:AR20) -> 122 | E20: 0 | F20: 0 | G20: 1 | H20: 2 | I20: 4 | J20: 4 | K20: 3 | L20: 4 | M20: 3 | N20: 4 | O20: 3 | P20: 4 | Q20: 4 | R20: 0 | S20: 1 | T20: 5 | U20: 4 | V20: 4 | W20: 4 | X20: 4 | Y20: 3 | Z20: 5 | AA20: 4 | AB20: 4 | AC20: 4 | AD20: 3 | AE20: 4 | AF20: 4 | AG20: 4 | AH20: 4 | AI20: 4 | AJ20: 4 | AK20: 4 | AL20: 4 | AM20: 3 | AN20: 4 | AR20: 2 | AS20: 4 | AT20: 3 | AU20: 3
B21: Bruk (630/550) (eks 2xAlfredo) | C21: Type x antall | D21: =SUM(E21:K21) -> 0 | E21: 0 | F21: 0 | G21: 3*630 | H21: 3*630 | I21: 3*630 | J21: 3*630 | K21: 3*630 | L21: 3*630 | M21: 3*630 | N21: 3*630 | O21: 3*630 | P21: 3*630 | Q21: 3*630 | R21: 0 | S21: 3*630 | T21: 3*630 | U21: 3*630 | V21: 3*630 | W21: 3*630 | X21: 2*630 | Y21: 2*630 | Z21: 2*630 | AA21: 2*630 | AB21: 2*630 | AC21: 3*630 | AD21: 2*630 | AE21: 2*630 | AF21: 3*630 | AG21: 3*630 | AH21: 3*630 | AI21: 3*630 | AJ21: 3*630 | AK21: 3*630 | AL21: 3*630 | AM21: 3*630 | AN21: 3*630 | AO21: 0 | AP21: 0 | AR21: 2,5*630 | AS21: 2*630 | AT21: 2*630 | AU21: 2*630
B22: Sjøtemperatur | C22: Grader
B24: Fangst pr tauetime kg | C24: =D26/D19 -> 1455.7479
A26: efangst | B26: Fangst total(produktvekt) | D26: =SUM(E26:AR26) -> 681290 | E26: =SUM(E27:E38) -> 0 | F26: =SUM(F27:F38) -> 0 | G26: =SUM(G27:G38) -> 2587 | H26: =SUM(H27:H38) -> 14686 | I26: =SUM(I27:I38) -> 23117 | J26: =SUM(J27:J38) -> 26617 | K26: =SUM(K27:K38) -> 10391 | L26: =SUM(L27:L38) -> 27915 | ... AW26: =SUM(AW27:AW38) -> 0
B27: Torsk | C27: kg | D27: =SUM(E27:AR27) -> 482890 | E27: 0 | F27: 0 | G27: 2401 | H27: 14165 | I27: 21387 | J27: 25478 | K27: 9801 | L27: 27296 | M27: 17138 | N27: 21449 | O27: 18032 | P27: 38427 | Q27: 46307 | R27: 0 | S27: 2060 | T27: 11934 | U27: 13924 | V27: 7823 | W27: 7753 | X27: 16875 | Y27: 10632 | Z27: 6274 | AA27: 13874 | AB27: 8526 | AC27: 20528 | AD27: 5873 | AE27: 7474 | AF27: 13344 | AG27: 9076 | AH27: 5733 | AI27: 10289 | AJ27: 10841 | AK27: 7456 | AL27: 6110 | AM27: 5874 | AN27: 37087 | AO27: 0 | AP27: 0 | AR27: 1649 | AS27: 4700 | AT27: 1069 | AU27: 1850 | AV27: 0 | AW27: 0
B28: Hyse | C28: kg | D28: =SUM(E28:AR28) -> 125016 | E28: 0 | F28: 0 | G28: 0 | H28: 0 | I28: 96 | J28: 96 | K28: 144 | L28: 48 | M28: 0 | N28: 0 | O28: 0 | P28: 432 | Q28: 528 | R28: 0 | S28: 2016 | T28: 8880 | U28: 5040 | V28: 2256 | W28: 7152 | X28: 5088 | Y28: 2544 | Z28: 5952 | AA28: 4464 | AB28: 2016 | AC28: 3696 | AD28: 9360 | AE28: 5040 | AF28: 5808 | AG28: 16224 | AH28: 6960 | AI28: 8736 | AJ28: 7968 | AK28: 7296 | AL28: 4752 | AM28: 1968 | AN28: 264 | AO28: 0 | AP28: 0 | AR28: 192 | AS28: 288 | AT28: 144 | AU28: 0 | AV28: 0 | AW28: 0
B29: Sei N | C29: kg | D29: =SUM(E29:AR29) -> 8721 | E29: 0 | F29: 0 | H29: 0 | N29: 0 | O29: 0 | P29: 0 | Q29: 0 | R29: 0 | S29: 0 | T29: 0 | U29: 0 | V29: 0 | W29: 0 | X29: 0 | Y29: 0 | Z29: 1089 | AA29: 0 | AB29: 0 | AC29: 0 | AD29: 0 | AE29: 0 | AF29: 0 | AG29: 0 | AH29: 0 | AI29: 0 | AJ29: 23 | AK29: 0 | AL29: 0 | AM29: 0 | AN29: 0 | AO29: 0 | AP29: 0 | AR29: 7609 | AS29: 26949 | AT29: 11654 | AU29: 17149 | AV29: 0 | AW29: 0
B30: Sei S | C30: kg | D30: =SUM(E30:AR30) -> 0 | E30: 0 | F30: 0 | G30: 0 | H30: 0 | I30: 0 | J30: 0 | K30: 0 | L30: 0 | M30: 0 | N30: 0 | O30: 0 | P30: 0 | Q30: 0 | R30: 0 | S30: 0 | T30: 0 | U30: 0 | V30: 0 | W30: 0 | X30: 0 | Y30: 0 | Z30: 0 | AA30: 0 | AB30: 0 | AC30: 0 | AD30: 0 | AE30: 0 | AF30: 0 | AG30: 0 | AH30: 0 | AI30: 0 | AJ30: 0 | AK30: 0 | AL30: 0 | AM30: 0 | AN30: 0 | AO30: 0 | AP30: 0 | AQ30: 0 | AR30: 0 | AS30: 0 | AT30: 0 | AU30: 0 | AV30: 0 | AW30: 0
B31: Uer rund | C31: kg | D31: =SUM(E31:AR31) -> 19020 | E31: 0 | F31: 0 | H31: 60 | I31: 100 | J31: 60 | K31: 20 | L31: 20 | N31: 0 | O31: 0 | P31: 1400 | Q31: 240 | R31: 0 | S31: 0 | T31: 0 | U31: 3100 | V31: 240 | W31: 0 | X31: 760 | Y31: 320 | Z31: 0 | AA31: 0 | AB31: 0 | AC31: 920 | AD31: 100 | AE31: 0 | AF31: 1620 | AG31: 660 | AH31: 1240 | AI31: 1240 | AJ31: 800 | AK31: 2320 | AL31: 2000 | AM31: 1320 | AN31: 480 | AO31: 0 | AP31: 0 | AQ31: 0 | AR31: 0 | AS31: 918 | AT31: 0 | AU31: 36 | AV31: 0 | AW31: 0
B32: Uer j/c | C32: kg | D32: =SUM(E32:AR32) -> 0 | E32: 0 | F32: 0 | G32: 0 | H32: 0 | I32: 0 | J32: 0 | K32: 0 | L32: 0 | M32: 0 | N32: 0 | O32: 0 | P32: 0 | Q32: 0 | R32: 0 | S32: 0 | T32: 0 | U32: 0 | V32: 0 | W32: 0 | X32: 0 | Y32: 0 | Z32: 0 | AA32: 0 | AB32: 0 | AC32: 0 | AD32: 0 | AE32: 0 | AF32: 0 | AG32: 0 | AH32: 0 | AI32: 0 | AJ32: 0 | AK32: 0 | AL32: 0 | AM32: 0 | AN32: 0 | AO32: 0 | AP32: 0 | AQ32: 0 | AR32: 0 | AS32: 0 | AT32: 0 | AU32: 0 | AV32: 0 | AW32: 0
B33: Uer hoder | C33: kg | D33: =SUM(E33:AR33) -> 0 | E33: 0 | F33: 0 | G33: 0 | H33: 0 | I33: 0 | J33: 0 | K33: 0 | L33: 0 | M33: 0 | N33: 0 | O33: 0 | P33: 0 | Q33: 0 | R33: 0 | S33: 0 | T33: 0 | U33: 0 | V33: 0 | W33: 0 | X33: 0 | Y33: 0 | Z33: 0 | AA33: 0 | AB33: 0 | AC33: 0 | AD33: 0 | AE33: 0 | AF33: 0 | AG33: 0 | AH33: 0 | AI33: 0 | AJ33: 0 | AK33: 0 | AL33: 0 | AM33: 0 | AN33: 0 | AO33: 0 | AP33: 0 | AQ33: 0 | AR33: 0 | AS33: 0 | AT33: 0 | AU33: 0 | AV33: 0 | AW33: 0
B34: Blåkveite | C34: kg | D34: =SUM(E34:AR34) -> 7949 | E34: 0 | F34: 0 | G34: 0 | H34: 145 | I34: 764 | J34: 250 | K34: 104 | L34: 208 | M34: 749 | N34: 399 | O34: 475 | P34: 1921 | Q34: 148 | R34: 0 | S34: 0 | T34: 0 | U34: 63 | V34: 63 | W34: 62 | X34: 42 | Y34: 21 | Z34: 0 | AA34: 0 | AB34: 0 | AC34: 210 | AD34: 84 | AE34: 0 | AF34: 42 | AG34: 0 | AH34: 229 | AI34: 0 | AJ34: 0 | AK34: 62 | AL34: 0 | AM34: 621 | AN34: 1287 | AO34: 0 | AP34: 0 | AQ34: 0 | AR34: 0 | AS34: 0 | AT34: 0 | AU34: 0 | AV34: 0 | AW34: 0
B35: Blåkveite hoder | C35: kg | D35: =SUM(E35:AR35) -> 0 | E35: 0 | F35: 0 | G35: 0 | H35: 0 | I35: 0 | J35: 0 | K35: 0 | L35: 0 | M35: 0 | N35: 0 | O35: 0 | P35: 0 | Q35: 0 | R35: 0 | S35: 0 | T35: 0 | U35: 0 | V35: 0 | W35: 0 | X35: 0 | Y35: 0 | Z35: 0 | AA35: 0 | AB35: 0 | AC35: 0 | AD35: 0 | AE35: 0 | AF35: 0 | AG35: 0 | AH35: 0 | AI35: 0 | AJ35: 0 | AK35: 0 | AL35: 0 | AM35: 0 | AN35: 0 | AO35: 0 | AP35: 0 | AQ35: 0 | AR35: 0 | AS35: 0 | AT35: 0 | AU35: 0 | AV35: 0 | AW35: 0
B36: Reke | C36: kg | D36: =SUM(E36:AR36) -> 0 | E36: 0 | F36: 0 | G36: 0 | H36: 0 | I36: 0 | J36: 0 | K36: 0 | L36: 0 | M36: 0 | N36: 0 | O36: 0 | P36: 0 | Q36: 0 | R36: 0 | S36: 0 | T36: 0 | U36: 0 | V36: 0 | W36: 0 | X36: 0 | Y36: 0 | Z36: 0 | AA36: 0 | AB36: 0 | AC36: 0 | AD36: 0 | AE36: 0 | AF36: 0 | AG36: 0 | AH36: 0 | AI36: 0 | AJ36: 0 | AK36: 0 | AL36: 0 | AM36: 0 | AN36: 0 | AO36: 0 | AP36: 0 | AQ36: 0 | AR36: 0 | AS36: 0 | AT36: 0 | AU36: 0 | AV36: 0 | AW36: 0
B37: Reke kok | C37: kg | D37: =SUM(E37:AR37) -> 0 | E37: 0 | F37: 0 | G37: 0 | H37: 0 | I37: 0 | J37: 0 | K37: 0 | L37: 0 | M37: 0 | N37: 0 | O37: 0 | P37: 0 | Q37: 0 | R37: 0 | S37: 0 | T37: 0 | V37: 0 | W37: 0 | X37: 0 | Y37: 0 | Z37: 0 | AA37: 0 | AB37: 0 | AC37: 0 | AD37: 0 | AE37: 0 | AF37: 0 | AG37: 0 | AH37: 0 | AI37: 0 | AJ37: 0 | AK37: 0 | AL37: 0 | AM37: 0 | AN37: 0 | AO37: 0 | AP37: 0 | AQ37: 0 | AR37: 0 | AS37: 0 | AT37: 0 | AU37: 0 | AV37: 0 | AW37: 0
B38: Bifangst/Annet | C38: kg | D38: =SUM(E38:AR38) -> 37694 | E38: 0 | F38: 0 | G38: 186 | H38: 316 | I38: 770 | J38: 733 | K38: 322 | L38: 343 | M38: 225 | N38: 225 | O38: 125 | P38: 136 | Q38: 340 | R38: 0 | S38: 0 | T38: 1164 | U38: 1228 | V38: 769 | W38: 1018 | X38: 439 | Y38: 356 | Z38: 9692 | AA38: 1234 | AB38: 484 | AC38: 794 | AD38: 326 | AE38: 2378 | AF38: 5634 | AG38: 1666 | AH38: 546 | AI38: 2442 | AJ38: 1762 | AK38: 474 | AL38: 936 | AM38: 488 | AN38: 93 | AO38: 0 | AP38: 0 | AR38: 50 | AS38: 204 | AT38: 225 | AU38: 245 | AV38: 0 | AW38: 0
B39: Koke-% reke | C39: % | D39: =D37/D26 -> 0 | E39: =E37/E26 -> #DIV/0! | F39: =F37/F26 -> #DIV/0! | G39: =G37/G26 -> 0 | H39: =H37/H26 -> 0 | I39: =I37/I26 -> 0 | J39: =J37/J26 -> 0 | K39: =K37/K26 -> 0 | ... AW39: =AW37/AW26 -> #DIV/0!
B40: Hyse-% | C40: % | D40: =D28/(D28+D27) -> 0.20565022 | E40: =E28/(E28+E27) -> #DIV/0! | F40: =F28/(F28+F27) -> #DIV/0! | G40: =G28/(G28+G27) -> 0 | H40: =H28/(H28+H27) -> 0 | I40: =I28/(I28+I27) -> 0.0044686496 | J40: =J28/(J28+J27) -> 0.0037538125 | K40: =K28/(K28+K27) -> 0.014479638 | ... AW40: =AW28/(AW28+AW27) -> #DIV/0!
A42: Maskin | B42: Bunkersforbruk | C42: ltr | D42: =SUM(E42:AR42) -> 609000 | E42: 4000 | F42: 3000 | G42: 19000 | H42: 18000 | I42: 18000 | J42: 18000 | K42: 19000 | L42: 18000 | M42: 16000 | N42: 19000 | O42: 19000 | P42: 17000 | Q42: 18000 | R42: 19000 | S42: 19000 | T42: 18000 | U42: 18000 | V42: 18000 | W42: 17000 | X42: 16000 | Y42: 14000 | Z42: 14000 | AA42: 14000 | AB42: 14000 | AC42: 18000 | AD42: 15000 | AE42: 15000 | AF42: 16000 | AG42: 15000 | AH42: 17000 | AI42: 17000 | AJ42: 15000 | AK42: 15000 | AL42: 16000 | AM42: 17000 | AN42: 16000 | AO42: 9000 | AP42: 6000 | AQ42: 3000 | AR42: 12000 | AS42: 14000 | AT42: 0 | AU42: 0 | AV42: 0 | AW42: 0
B43: Smørolje forbruk | C43: ltr | D43: =SUM(E43:AR43) -> 2300 | E43: 0 | F43: 0 | G43: 0 | H43: 200 | J43: 0 | K43: 300 | L43: 0 | M43: 0 | N43: 0 | O43: 200 | P43: 0 | Q43: 0 | R43: 200 | S43: 0 | T43: 0 | U43: 0 | V43: 300 | W43: 0 | X43: 0 | Y43: 0 | Z43: 300 | AA43: 0 | AB43: 0 | AC43: 0 | AD43: 200 | AE43: 0 | AF43: 0 | AG43: 300 | AH43: 0 | AI43: 0 | AJ43: 0 | AK43: 0 | AL43: 300 | AM43: 0 | AN43: 0 | AO43: 0 | AP43: 0 | AQ43: 0 | AR43: 0 | AS43: 200 | AT43: 0 | AU43: 0 | AV43: 0 | AW43: 0
B44: Bunkers pr kg fangst | C44: ltr/kg | D44: =D42/D26 -> 0.89389247 | E44: =E42/E26 -> #DIV/0! | F44: =F42/F26 -> #DIV/0! | G44: =G42/G26 -> 7.3444144 | H44: =H42/H26 -> 1.2256571 | I44: =I42/I26 -> 0.77864775 | J44: =J42/J26 -> 0.67625953 | K44: =K42/K26 -> 1.8285054 | ... AL44: =AL42/AL26 -> 1.1595883 | AM44: + | AN44: =AN42/AN26 -> 0.40804876 | AO44: =AO42/AO26 -> #DIV/0! | AP44: =AP42/AP26 -> #DIV/0! | AQ44: =AQ42/AQ26 -> #DIV/0! | AR44: =AR42/AR26 -> 1.2631579 | AS44: =AS42/AS26 -> 0.42348528 | AT44: =AT42/AT26 -> 0 | AU44: =AU42/AU26 -> 0 | ... AW44: =AW42/AW26 -> #DIV/0!
AM45: +
A46: Fabrikk | B46: Timer uten produksjon, totalt | C46: timer | D46: =SUM(E46:AR46) -> 0 | E46: 0 | F46: 0 | G46: 0 | H46: 0 | I46: 0 | J46: 0 | K46: 0 | L46: 0 | M46: 0 | N46: 0 | O46: 0 | P46: 0 | Q46: 0 | R46: 0 | S46: 0 | T46: 0 | U46: 0 | V46: 0 | W46: 0 | X46: 0 | Y46: 0 | Z46: 0 | AA46: 0 | AB46: 0 | AC46: 0 | AD46: 0 | AE46: 0 | AF46: 0 | AG46: 0 | AH46: 0 | AI46: 0 | AJ46: 0 | AK46: 0 | AL46: 0 | AM46: 0 | AN46: 0 | AO46: 0 | AP46: 0 | AQ46: 0 | AR46: 0 | AS46: 0 | AT46: 0 | AU46: 0 | AV46: 0 | AW46: 0
B47: Mangel på fisk | C47: timer | D47: =SUM(E47:AR47) -> 0 | E47: 0 | F47: 0 | G47: 0 | H47: 0 | I47: 0 | J47: 0 | K47: 0 | L47: 0 | M47: 0 | N47: 0 | O47: 0 | P47: 0 | Q47: 0 | R47: 0 | S47: 0 | T47: 0 | U47: 0 | V47: 0 | W47: 0 | X47: 0 | Y47: 0 | Z47: 0 | AA47: 0 | AB47: 0 | AC47: 0 | AD47: 0 | AE47: 0 | AF47: 0 | AG47: 0 | AH47: 0 | AI47: 0 | AJ47: 0 | AK47: 0 | AL47: 0 | AM47: 0 | AN47: 0 | AO47: 0 | AP47: 0 | AQ47: 0 | AR47: 0 | AS47: 0 | AT47: 0 | AU47: 0 | AV47: 0 | AW47: 0
B48: Tekniske problem | C48: timer | D48: =SUM(E48:AR48) -> 0 | E48: 0 | F48: 0 | G48: 0 | H48: 0 | I48: 0 | J48: 0 | K48: 0 | L48: 0 | M48: 0 | N48: 0 | O48: 0 | P48: 0 | Q48: 0 | R48: 0 | S48: 0 | T48: 0 | U48: 0 | V48: 0 | W48: 0 | X48: 0 | Y48: 0 | Z48: 0 | AA48: 0 | AB48: 0 | AC48: 0 | AD48: 0 | AE48: 0 | AF48: 0 | AG48: 0 | AH48: 0 | AI48: 0 | AJ48: 0 | AK48: 0 | AL48: 0 | AM48: 0 | AN48: 0 | AO48: 0 | AP48: 0 | AQ48: 0 | AR48: 0 | AS48: 0 | AT48: 0 | AU48: 0 | AV48: 0 | AW48: 0
B49: Andre årsaker | C49: timer | D49: =SUM(E49:AR49) -> 0 | E49: 0 | F49: 0 | G49: 0 | H49: 0 | I49: 0 | J49: 0 | K49: 0 | L49: 0 | M49: 0 | N49: 0 | O49: 0 | P49: 0 | Q49: 0 | R49: 0 | S49: 0 | T49: 0 | U49: 0 | V49: 0 | W49: 0 | X49: 0 | Y49: 0 | Z49: 0 | AA49: 0 | AB49: 0 | AC49: 0 | AD49: 0 | AE49: 0 | AF49: 0 | AG49: 0 | AH49: 0 | AI49: 0 | AJ49: 0 | AK49: 0 | AL49: 0 | AM49: 0 | AN49: 0 | AO49: 0 | AP49: 0 | AQ49: 0 | AR49: 0 | AS49: 0 | AT49: 0 | AU49: 0 | AV49: 0 | AW49: 0
B50: Ensilasje, råstoff | C50: kg | D50: =SUM(E50:AR50) -> 125000 | E50: 0 | F50: 0 | G50: 0 | H50: 0 | I50: 0 | J50: 0 | K50: 0 | L50: 0 | M50: 0 | N50: 0 | O50: 0 | P50: 0 | Q50: 0 | R50: 0 | S50: 0 | T50: 0 | U50: 0 | V50: 0 | W50: 0 | X50: 0 | Y50: 0 | Z50: 0 | AA50: 0 | AB50: 0 | AD50: 0 | AE50: 0 | AF50: 10000 | AG50: 9000 | AH50: 16000 | AI50: 16000 | AJ50: 9000 | AK50: 7000 | AL50: 15000 | AM50: 13000 | AN50: 30000 | AO50: 0 | AP50: 0 | AQ50: 0 | AR50: 0 | AS50: 16000 | AT50: 16000 | AU50: 16000 | AV50: 16000 | AW50: 16000
B51: Ensilasje, syreforbruk | C51: kg | D51: =SUM(E51:AR51) -> 7100 | E51: 0 | F51: 0 | G51: 0 | H51: 0 | I51: 0 | J51: 0 | K51: 0 | L51: 0 | M51: 0 | N51: 0 | O51: 0 | P51: 0 | Q51: 0 | R51: 0 | S51: 0 | T51: 0 | U51: 0 | V51: 0 | W51: 0 | X51: 0 | Y51: 0 | Z51: 0 | AA51: 0 | AB51: 0 | AD51: 0 | AE51: 0 | AF51: 500 | AG51: 500 | AH51: 1000 | AI51: 1000 | AJ51: 500 | AK51: 400 | AL51: 1000 | AM51: 700 | AN51: 1500 | AO51: 0 | AP51: 0 | AQ51: 0 | AR51: 0 | AS51: 0 | AT51: 0 | AU51: 0 | AV51: 0 | AW51: 0
A53: Kommentarer* | B53: Hendelser/Avvik: | C53: (overskrift) | D53: (overskrift) | E53: (overskrift) | F53: (overskrift) | G53: (overskrift) | H53: (overskrift) | I53: (overskrift) | J53: (overskrift) | K53: (overskrift) | L53: (overskrift) | M53: (overskrift) | N53: (overskrift) | O53: (overskrift) | P53: (overskrift) | Q53: (overskrift) | R53: (overskrift) | S53: (overskrift) | T53: (overskrift) | U53: (overskrift) | V53: (overskrift) | W53: (overskrift) | X53: (overskrift) | Y53: (overskrift) | Z53: (overskrift) | AA53: (overskrift) | AB53: (overskrift) | AC53: (overskrift) | AD53: (overskrift) | AE53: (overskrift) | AF53: (overskrift) | AG53: (overskrift) | AH53: (overskrift) | AI53: (overskrift) | AJ53: (overskrift) | AK53: (overskrift) | AL53: (overskrift) | AM53: (overskrift) | AN53: (overskrift) | AO53: (overskrift) | AP53: (overskrift) | AQ53: (overskrift) | AR53: (overskrift) | AS53: (overskrift) | AT53: (overskrift) | AU53: (overskrift) | AV53: (overskrift) | AW53: (overskrift)
B54: HMS | C54: kommentar | D54: kommentar | E54: kommentar | F54: kommentar | G54: kommentar | H54: kommentar | I54: kommentar | J54: kommentar | K54: kommentar | L54: kommentar | M54: kommentar | N54: kommentar | O54: kommentar | P54: kommentar | Q54: kommentar | R54: kommentar | S54: kommentar | T54: kommentar | U54: kommentar | V54: kommentar | W54: kommentar | X54: kommentar | Y54: kommentar | Z54: kommentar | AA54: kommentar | AB54: kommentar | AC54: kommentar | AD54: kommentar | AE54: kommentar | AF54: kommentar | AG54: kommentar | AH54: kommentar | AI54: kommentar | AJ54: kommentar | AK54: kommentar | AL54: kommentar | AM54: kommentar | AN54: kommentar | AO54: kommentar | AP54: kommentar | AQ54: kommentar | AR54: kommentar | AS54: kommentar | AT54: kommentar | AU54: kommentar | AV54: kommentar | AW54: kommentar
B55: Fiske | C55: kommentar | D55: kommentar | E55: kommentar | F55: kommentar | G55: kommentar | H55: kommentar | I55: kommentar | J55: kommentar | K55: kommentar | L55: kommentar | M55: kommentar | N55: kommentar | O55: kommentar | P55: kommentar | Q55: kommentar | R55: kommentar | S55: kommentar | U55: kommentar | V55: kommentar | W55: kommentar | X55: kommentar | Y55: kommentar | Z55: kommentar | AA55: kommentar | AB55: kommentar | AC55: Leiting etter fiske | AD55: kommentar | AE55: kommentar | AF55: kommentar | AG55: kommentar | AH55: kommentar | AI55: kommentar | AJ55: kommentar | AK55: kommentar | AL55: kommentar | AM55: kommentar | AN55: kommentar | AO55: kommentar | AP55: kommentar | AQ55: kommentar | AR55: kommentar | AS55: kommentar | AT55: sopp/splitt | AU55: leiting etter fesk | AV55: kommentar | AW55: kommentar
